0,11.213,12.118,13.336,14.686,15.892
1,11.162,12.085,13.319,14.673,15.873
2,11.111,12.052,13.301,14.659,15.854
3,11.059,12.019,13.283,14.646,15.834
4,11.006,11.985,13.265,14.632,15.813
5,10.952,11.952,13.247,14.618,15.793
6,10.897,11.918,13.229,14.605,15.772
7,10.84,11.883,13.211,14.59,15.751
8,10.877,11.918,13.246,14.626,15.79
9,10.914,11.953,13.28,14.662,15.829
10,10.95,11.987,13.314,14.698,15.868
11,10.987,12.022,13.348,14.734,15.908
12,11.024,12.057,13.382,14.77,15.947
13,11.06,12.091,13.416,14.806,15.986
14,11.097,12.126,13.45,14.842,16.025
15,11.159,12.189,13.517,14.914,16.104
16,11.223,12.255,13.587,14.991,16.187
17,11.288,12.323,13.66,15.069,16.272
18,11.354,12.392,13.733,15.148,16.358
19,11.42,12.46,13.806,15.228,16.444
20,11.485,12.528,13.878,15.307,16.53
21,11.55,12.595,13.951,15.386,16.615
22,11.613,12.662,14.022,15.463,16.699
23,11.676,12.727,14.092,15.539,16.781
24,11.737,12.791,14.16,15.614,16.862
25,11.797,12.854,14.228,15.687,16.942
26,11.856,12.916,14.294,15.759,17.019
27,11.914,12.976,14.358,15.829,17.095
28,11.97,13.034,14.421,15.898,17.17
29,12.025,13.092,14.482,15.965,17.242
30,12.078,13.148,14.542,16.03,17.313
31,12.13,13.202,14.6,16.093,17.381
32,12.18,13.254,14.657,16.155,17.448
33,12.229,13.305,14.711,16.214,17.512
34,12.277,13.355,14.764,16.272,17.575
35,12.323,13.403,14.816,16.328,17.635
36,12.367,13.45,14.866,16.382,17.694
37,12.411,13.495,14.914,16.435,17.752
38,12.453,13.539,14.961,16.486,17.807
39,12.494,13.582,15.007,16.536,17.861
40,12.535,13.624,15.052,16.585,17.914
41,12.574,13.665,15.096,16.632,17.965
42,12.612,13.704,15.138,16.678,18.015
43,12.649,13.743,15.179,16.723,18.064
44,12.686,13.781,15.22,16.767,18.112
45,12.721,13.818,15.259,16.81,18.158
46,12.756,13.854,15.297,16.852,18.203
47,12.789,13.889,15.335,16.892,18.247
48,12.822,13.923,15.371,16.931,18.29
49,12.854,13.956,15.406,16.97,18.332
50,12.886,13.989,15.441,17.007,18.372
51,12.916,14.02,15.474,17.044,18.412
52,12.946,14.051,15.507,17.079,18.45
53,12.975,14.081,15.539,17.114,18.488
54,13.003,14.111,15.571,17.148,18.525
55,13.031,14.139,15.601,17.181,18.561
56,13.058,14.168,15.631,17.214,18.596
57,13.085,14.195,15.66,17.245,18.63
58,13.111,14.222,15.689,17.277,18.664
59,13.137,14.248,15.717,17.307,18.697
60,13.162,14.274,15.744,17.337,18.729
61,13.186,14.3,15.771,17.366,18.761
62,13.21,14.324,15.798,17.394,18.792
63,13.234,14.349,15.823,17.422,18.822
64,13.257,14.372,15.848,17.449,18.851
65,13.279,14.396,15.873,17.476,18.881
66,13.302,14.418,15.897,17.502,18.908
67,13.323,14.44,15.92,17.527,18.936
68,13.344,14.462,15.943,17.552,18.963
69,13.365,14.483,15.966,17.576,18.989
70,13.385,14.504,15.987,17.6,19.015
71,13.405,14.524,16.009,17.623,19.04
72,13.424,14.544,16.03,17.645,19.065
73,13.443,14.564,16.05,17.667,19.089
74,13.462,14.583,16.07,17.689,19.112
75,13.48,14.601,16.09,17.71,19.135
76,13.498,14.62,16.109,17.731,19.157
77,13.515,14.637,16.128,17.751,19.179
78,13.532,14.655,16.146,17.771,19.201
79,13.549,14.672,16.164,17.79,19.222
80,13.566,14.689,16.182,17.809,19.243
81,13.582,14.705,16.199,17.828,19.263
82,13.597,14.721,16.216,17.846,19.283
83,13.613,14.737,16.232,17.864,19.302
84,13.628,14.753,16.249,17.882,19.321
85,13.643,14.768,16.264,17.899,19.34
86,13.658,14.783,16.28,17.915,19.358
87,13.672,14.797,16.295,17.932,19.376
88,13.686,14.812,16.31,17.948,19.393
89,13.7,14.826,16.325,17.964,19.41
90,13.714,14.839,16.339,17.979,19.427
91,13.727,14.853,16.353,17.994,19.443
92,13.74,14.866,16.367,18.009,19.459
93,13.753,14.879,16.38,18.023,19.475
94,13.765,14.892,16.394,18.037,19.49
95,13.778,14.904,16.407,18.051,19.506
96,13.79,14.916,16.419,18.065,19.521
97,13.802,14.928,16.432,18.078,19.535
98,13.813,14.94,16.444,18.091,19.549
99,13.825,14.952,16.456,18.104,19.563
100,13.836,14.963,16.467,18.117,19.577
101,13.847,14.974,16.479,18.129,19.59
102,13.858,14.985,16.49,18.141,19.603
103,13.868,14.995,16.501,18.153,19.616
104,13.879,15.006,16.512,18.164,19.628
105,13.889,15.016,16.522,18.175,19.641
106,13.899,15.026,16.533,18.186,19.653
107,13.909,15.036,16.543,18.197,19.664
108,13.918,15.046,16.553,18.208,19.676
109,13.928,15.055,16.562,18.218,19.687
110,13.937,15.064,16.572,18.228,19.698
111,13.946,15.073,16.581,18.238,19.709
112,13.955,15.082,16.59,18.248,19.719
113,13.964,15.091,16.599,18.257,19.73
114,13.972,15.099,16.608,18.267,19.74
115,13.981,15.108,16.616,18.276,19.75
116,13.989,15.116,16.625,18.285,19.76
117,13.997,15.124,16.633,18.294,19.77
118,14.005,15.132,16.641,18.302,19.779
119,14.014,15.14,16.649,18.311,19.788
120,14.021,15.148,16.657,18.319,19.797
121,14.029,15.155,16.665,18.327,19.806
122,14.036,15.163,16.672,18.335,19.815
123,14.044,15.17,16.68,18.343,19.823
124,14.051,15.177,16.687,18.351,19.832
125,14.058,15.184,16.694,18.358,19.84
126,14.065,15.191,16.701,18.366,19.848
127,14.072,15.198,16.708,18.373,19.856
128,14.079,15.204,16.714,18.38,19.864
129,14.086,15.211,16.721,18.387,19.871
130,14.092,15.217,16.727,18.394,19.879
131,14.098,15.224,16.734,18.4,19.886
132,14.105,15.23,16.74,18.407,19.893
133,14.111,15.236,16.746,18.413,19.9
134,14.117,15.242,16.752,18.42,19.907
135,14.123,15.247,16.758,18.426,19.913
136,14.129,15.253,16.763,18.432,19.92
137,14.135,15.259,16.769,18.438,19.926
138,14.14,15.264,16.774,18.443,19.932
139,14.146,15.269,16.78,18.449,19.939
140,14.151,15.275,16.785,18.454,19.944
141,14.156,15.28,16.79,18.46,19.95
142,14.162,15.285,16.795,18.465,19.956
143,14.167,15.29,16.8,18.47,19.962
144,14.172,15.295,16.804,18.475,19.967
145,14.177,15.299,16.809,18.48,19.972
146,14.181,15.304,16.813,18.484,19.977
147,14.186,15.308,16.818,18.489,19.982
148,14.191,15.313,16.822,18.493,19.987
149,14.195,15.317,16.826,18.497,19.992
150,14.2,15.321,16.83,18.502,19.996
151,14.204,15.325,16.834,18.506,20.001
152,14.208,15.329,16.838,18.51,20.005
153,14.212,15.333,16.842,18.513,20.009
154,14.216,15.336,16.845,18.517,20.013
155,14.22,15.34,16.849,18.521,20.017
156,14.224,15.344,16.852,18.524,20.021
157,14.228,15.347,16.855,18.528,20.025
158,14.231,15.351,16.859,18.531,20.028
159,14.235,15.354,16.862,18.534,20.032
160,14.238,15.357,16.865,18.537,20.035
161,14.242,15.36,16.868,18.54,20.038
162,14.245,15.363,16.871,18.543,20.042
163,14.248,15.366,16.873,18.546,20.045
164,14.251,15.369,16.876,18.548,20.048
165,14.254,15.372,16.878,18.551,20.05
166,14.257,15.374,16.881,18.553,20.053
167,14.26,15.377,16.883,18.556,20.056
168,14.263,15.379,16.885,18.558,20.058
169,14.266,15.382,16.888,18.56,20.06
170,14.268,15.384,16.89,18.562,20.063
171,14.271,15.386,16.892,18.564,20.065
172,14.273,15.388,16.894,18.566,20.067
173,14.276,15.391,16.895,18.568,20.069
174,14.278,15.393,16.897,18.57,20.071
175,14.28,15.394,16.899,18.571,20.073
176,14.282,15.396,16.9,18.573,20.074
177,14.285,15.398,16.902,18.574,20.076
178,14.287,15.4,16.903,18.575,20.077
179,14.288,15.401,16.904,18.577,20.079
180,14.29,15.403,16.906,18.578,20.08
181,14.292,15.404,16.907,18.579,20.081
182,14.294,15.405,16.908,18.58,20.082
183,14.295,15.407,16.909,18.58,20.083
184,14.297,15.408,16.91,18.581,20.084
185,14.298,15.409,16.91,18.582,20.084
186,14.3,15.41,16.911,18.582,20.085
187,14.301,15.411,16.912,18.583,20.086
188,14.302,15.412,16.912,18.583,20.086
189,14.304,15.413,16.913,18.583,20.086
190,14.304,15.413,16.913,18.584,20.087
191,14.306,15.414,16.913,18.584,20.087
192,14.307,15.415,16.914,18.584,20.087
193,14.308,15.415,16.914,18.584,20.087
194,14.308,15.416,16.914,18.584,20.087
195,14.309,15.416,16.914,18.583,20.087
196,14.31,15.416,16.914,18.583,20.086
197,14.31,15.417,16.914,18.583,20.086
198,14.311,15.417,16.913,18.582,20.086
199,14.312,15.417,16.913,18.582,20.085
200,14.312,15.417,16.913,18.581,20.085
201,14.312,15.417,16.912,18.581,20.084
202,14.313,15.417,16.912,18.58,20.083
203,14.313,15.417,16.911,18.579,20.082
204,14.313,15.416,16.911,18.578,20.081
205,14.313,15.416,16.91,18.577,20.08
206,14.313,15.416,16.909,18.576,20.079
207,14.314,15.415,16.908,18.575,20.078
208,14.314,15.415,16.907,18.574,20.077
209,14.313,15.415,16.907,18.573,20.076
210,14.313,15.414,16.906,18.571,20.074
211,14.313,15.413,16.904,18.57,20.073
212,14.313,15.413,16.903,18.569,20.071
213,14.313,15.412,16.902,18.567,20.07
214,14.312,15.411,16.901,18.566,20.068
215,14.312,15.41,16.9,18.564,20.066
216,14.311,15.409,16.898,18.562,20.065
217,14.311,15.408,16.897,18.56,20.063
218,14.31,15.407,16.895,18.559,20.06
219,14.31,15.406,16.894,18.557,20.059
220,14.309,15.405,16.892,18.555,20.056
221,14.308,15.404,16.891,18.553,20.055
222,14.308,15.403,16.889,18.551,20.052
223,14.307,15.402,16.887,18.549,20.05
224,14.306,15.4,16.885,18.547,20.048
225,14.305,15.399,16.883,18.544,20.046
226,14.304,15.397,16.881,18.542,20.043
227,14.303,15.396,16.88,18.54,20.041
228,14.302,15.395,16.878,18.537,20.038
229,14.301,15.393,16.875,18.535,20.035
230,14.3,15.391,16.873,18.532,20.033
231,14.299,15.39,16.871,18.53,20.03
232,14.297,15.388,16.869,18.527,20.027
233,14.296,15.386,16.867,18.525,20.024
234,14.295,15.385,16.864,18.522,20.021
235,14.293,15.383,16.862,18.519,20.019
236,14.292,15.381,16.86,18.516,20.015
237,14.291,15.379,16.857,18.514,20.012
238,14.289,15.377,16.855,18.511,20.01
239,14.288,15.375,16.852,18.508,20.006
240,14.286,15.373,16.85,18.505,20.003
241,14.285,15.371,16.847,18.502,20
242,14.283,15.369,16.844,18.499,19.996
243,14.281,15.367,16.842,18.495,19.993
244,14.28,15.364,16.839,18.492,19.99
245,14.278,15.362,16.836,18.489,19.986
246,14.276,15.36,16.833,18.486,19.983
247,14.274,15.358,16.831,18.483,19.979
248,14.272,15.355,16.828,18.479,19.975
249,14.27,15.353,16.825,18.476,19.972
250,14.268,15.35,16.822,18.472,19.968
251,14.267,15.348,16.819,18.469,19.964
252,14.265,15.346,16.816,18.465,19.961
253,14.262,15.343,16.813,18.462,19.957
254,14.261,15.341,16.81,18.458,19.953
255,14.258,15.338,16.806,18.455,19.949
256,14.256,15.335,16.803,18.451,19.945
257,14.254,15.333,16.8,18.447,19.941
258,14.252,15.33,16.797,18.444,19.937
259,14.25,15.327,16.793,18.44,19.933
260,14.248,15.324,16.79,18.436,19.929
261,14.245,15.322,16.787,18.432,19.925
262,14.243,15.319,16.783,18.428,19.921
263,14.241,15.316,16.78,18.424,19.917
264,14.238,15.313,16.776,18.42,19.912
265,14.236,15.31,16.773,18.416,19.908
266,14.234,15.307,16.77,18.412,19.904
267,14.231,15.304,16.766,18.408,19.899
268,14.229,15.301,16.762,18.404,19.895
269,14.226,15.299,16.759,18.4,19.891
270,14.224,15.295,16.755,18.396,19.886
271,14.221,15.292,16.752,18.392,19.882
272,14.219,15.289,16.748,18.388,19.877
273,14.216,15.286,16.744,18.383,19.873
274,14.213,15.283,16.74,18.379,19.868
275,14.211,15.28,16.737,18.375,19.864
276,14.208,15.277,16.733,18.371,19.859
277,14.205,15.274,16.729,18.366,19.854
278,14.203,15.27,16.725,18.362,19.85
279,14.2,15.267,16.721,18.358,19.845
280,14.197,15.264,16.718,18.353,19.84
281,14.194,15.261,16.714,18.349,19.835
282,14.192,15.257,16.71,18.345,19.831
283,14.189,15.254,16.706,18.34,19.826
284,14.186,15.251,16.702,18.335,19.821
285,14.183,15.247,16.698,18.331,19.816
286,14.18,15.244,16.694,18.327,19.811
287,14.177,15.24,16.69,18.322,19.806
288,14.174,15.237,16.686,18.318,19.802
289,14.172,15.234,16.682,18.313,19.796
290,14.169,15.23,16.678,18.308,19.792
291,14.166,15.227,16.674,18.304,19.787
292,14.163,15.223,16.67,18.299,19.782
293,14.16,15.22,16.666,18.294,19.776
294,14.157,15.216,16.662,18.29,19.772
295,14.154,15.213,16.658,18.285,19.767
296,14.151,15.209,16.653,18.281,19.762
297,14.148,15.206,16.649,18.276,19.757
298,14.145,15.202,16.645,18.271,19.752
299,14.142,15.199,16.641,18.266,19.746
300,14.139,15.195,16.637,18.262,19.741
301,14.136,15.192,16.633,18.257,19.736
302,14.133,15.188,16.628,18.252,19.731
303,14.13,15.184,16.624,18.248,19.726
304,14.126,15.181,16.62,18.243,19.721
305,14.123,15.177,16.616,18.238,19.716
306,14.12,15.174,16.612,18.233,19.71
307,14.117,15.17,16.607,18.228,19.705
308,14.114,15.166,16.603,18.224,19.7
309,14.111,15.163,16.599,18.219,19.695
310,14.108,15.159,16.595,18.214,19.69
311,14.105,15.155,16.59,18.209,19.685
312,14.102,15.152,16.586,18.204,19.679
313,14.098,15.148,16.582,18.199,19.674
314,14.095,15.144,16.577,18.195,19.669
315,14.092,15.141,16.573,18.19,19.664
316,14.089,15.137,16.569,18.185,19.659
317,14.086,15.133,16.565,18.18,19.653
318,14.082,15.129,16.56,18.175,19.648
319,14.079,15.126,16.556,18.17,19.643
320,14.076,15.122,16.552,18.165,19.637
321,14.073,15.118,16.547,18.161,19.632
322,14.07,15.115,16.543,18.156,19.627
323,14.066,15.111,16.539,18.151,19.622
324,14.063,15.107,16.534,18.146,19.617
325,14.06,15.104,16.53,18.141,19.611
326,14.057,15.1,16.526,18.136,19.606
327,14.053,15.096,16.521,18.131,19.601
328,14.05,15.092,16.517,18.127,19.596
329,14.047,15.089,16.513,18.122,19.59
330,14.044,15.085,16.508,18.117,19.585
331,14.04,15.081,16.504,18.112,19.58
332,14.037,15.077,16.5,18.107,19.574
333,14.034,15.074,16.495,18.102,19.569
334,14.031,15.07,16.491,18.097,19.564
335,14.028,15.066,16.487,18.092,19.559
336,14.024,15.062,16.482,18.087,19.553
337,14.021,15.059,16.478,18.083,19.548
338,14.018,15.055,16.474,18.078,19.543
339,14.015,15.051,16.469,18.073,19.538
340,14.011,15.047,16.465,18.068,19.532
341,14.008,15.044,16.461,18.063,19.527
342,14.005,15.04,16.456,18.058,19.522
343,14.002,15.036,16.452,18.053,19.517
344,13.998,15.032,16.448,18.048,19.511
345,13.995,15.029,16.443,18.044,19.506
346,13.992,15.025,16.439,18.039,19.501
347,13.988,15.021,16.435,18.034,19.496
348,13.985,15.017,16.43,18.029,19.49
349,13.982,15.014,16.426,18.024,19.485
350,13.979,15.01,16.422,18.019,19.48
351,13.975,15.006,16.418,18.014,19.475
352,13.972,15.003,16.413,18.01,19.47
353,13.969,14.999,16.409,18.005,19.464
354,13.966,14.995,16.405,18,19.459
355,13.963,14.992,16.4,17.995,19.454
356,13.959,14.988,16.396,17.99,19.449
357,13.956,14.984,16.392,17.986,19.444
358,13.953,14.98,16.388,17.981,19.438
359,13.95,14.977,16.383,17.976,19.433
360,13.946,14.973,16.379,17.971,19.428
361,13.943,14.969,16.375,17.966,19.423
362,13.94,14.966,16.371,17.962,19.418
363,13.937,14.962,16.366,17.957,19.413
364,13.934,14.958,16.362,17.952,19.407
365,13.93,14.955,16.358,17.947,19.402
366,13.927,14.951,16.354,17.943,19.397
367,13.924,14.947,16.349,17.938,19.392
368,13.921,14.944,16.345,17.933,19.387
369,13.918,14.94,16.341,17.928,19.382
370,13.915,14.936,16.337,17.924,19.377
371,13.911,14.933,16.333,17.919,19.372
372,13.908,14.929,16.328,17.914,19.366
373,13.905,14.926,16.324,17.909,19.361
374,13.902,14.922,16.32,17.905,19.356
375,13.899,14.918,16.316,17.9,19.351
376,13.896,14.915,16.312,17.895,19.346
377,13.892,14.911,16.308,17.891,19.341
378,13.889,14.908,16.303,17.886,19.336
379,13.886,14.904,16.299,17.881,19.331
380,13.883,14.9,16.295,17.877,19.326
381,13.88,14.897,16.291,17.872,19.321
382,13.876,14.893,16.287,17.867,19.316
383,13.873,14.889,16.283,17.863,19.311
384,13.87,14.886,16.279,17.858,19.306
385,13.867,14.882,16.275,17.854,19.301
386,13.864,14.879,16.27,17.849,19.296
387,13.861,14.875,16.266,17.844,19.291
388,13.858,14.872,16.262,17.84,19.286
389,13.855,14.868,16.258,17.835,19.281
390,13.852,14.865,16.254,17.831,19.276
391,13.849,14.861,16.25,17.826,19.271
392,13.846,14.858,16.246,17.821,19.266
393,13.843,14.854,16.242,17.817,19.261
394,13.84,14.851,16.238,17.812,19.256
395,13.836,14.847,16.234,17.808,19.252
396,13.833,14.843,16.23,17.803,19.247
397,13.83,14.84,16.226,17.799,19.242
398,13.827,14.837,16.222,17.794,19.237
399,13.824,14.833,16.218,17.79,19.232
400,13.821,14.83,16.214,17.785,19.227
401,13.818,14.826,16.21,17.781,19.223
402,13.815,14.823,16.206,17.776,19.218
403,13.812,14.819,16.202,17.772,19.213
404,13.809,14.816,16.198,17.768,19.208
405,13.806,14.812,16.194,17.763,19.203
406,13.803,14.809,16.19,17.759,19.199
407,13.8,14.806,16.186,17.754,19.194
408,13.797,14.802,16.182,17.75,19.189
409,13.794,14.799,16.178,17.745,19.184
410,13.791,14.795,16.174,17.741,19.179
411,13.788,14.792,16.171,17.737,19.175
412,13.785,14.789,16.167,17.732,19.17
413,13.782,14.785,16.163,17.728,19.166
414,13.779,14.782,16.159,17.724,19.161
415,13.776,14.779,16.155,17.719,19.156
416,13.773,14.775,16.151,17.715,19.151
417,13.771,14.772,16.147,17.711,19.147
418,13.768,14.769,16.144,17.706,19.142
419,13.765,14.765,16.14,17.702,19.137
420,13.762,14.762,16.136,17.698,19.133
421,13.759,14.759,16.132,17.694,19.128
422,13.756,14.755,16.128,17.689,19.124
423,13.753,14.752,16.125,17.685,19.119
424,13.75,14.749,16.121,17.681,19.114
425,13.747,14.746,16.117,17.676,19.11
426,13.744,14.742,16.113,17.672,19.105
427,13.741,14.739,16.11,17.668,19.101
428,13.739,14.736,16.106,17.664,19.096
429,13.736,14.732,16.102,17.66,19.092
430,13.733,14.729,16.098,17.656,19.087
431,13.73,14.726,16.095,17.651,19.083
432,13.727,14.723,16.091,17.647,19.078
433,13.724,14.719,16.087,17.643,19.074
434,13.722,14.716,16.084,17.639,19.069
435,13.719,14.713,16.08,17.635,19.065
436,13.716,14.71,16.076,17.631,19.06
437,13.713,14.707,16.073,17.626,19.056
438,13.711,14.704,16.069,17.622,19.051
439,13.708,14.7,16.065,17.618,19.047
440,13.705,14.697,16.062,17.614,19.043
441,13.702,14.694,16.058,17.61,19.038
442,13.7,14.691,16.054,17.606,19.034
443,13.697,14.688,16.051,17.602,19.029
444,13.694,14.685,16.047,17.598,19.025
445,13.691,14.682,16.044,17.594,19.021
446,13.688,14.678,16.04,17.59,19.016
447,13.686,14.675,16.037,17.586,19.012
448,13.683,14.672,16.033,17.582,19.008
449,13.681,14.669,16.029,17.578,19.003
450,13.678,14.666,16.026,17.574,18.999
451,13.675,14.663,16.022,17.57,18.995
452,13.672,14.66,16.019,17.566,18.991
453,13.67,14.657,16.015,17.562,18.986
454,13.667,14.654,16.012,17.558,18.982
455,13.664,14.651,16.008,17.554,18.978
456,13.662,14.648,16.005,17.55,18.974
457,13.659,14.645,16.001,17.546,18.969
458,13.656,14.642,15.998,17.543,18.965
459,13.654,14.639,15.994,17.539,18.961
460,13.651,14.636,15.991,17.535,18.957
461,13.648,14.633,15.988,17.531,18.953
462,13.646,14.63,15.984,17.527,18.949
463,13.643,14.627,15.981,17.523,18.944
464,13.641,14.624,15.977,17.52,18.94
465,13.638,14.621,15.974,17.516,18.936
466,13.635,14.618,15.971,17.512,18.932
467,13.633,14.615,15.967,17.508,18.928
468,13.63,14.612,15.964,17.504,18.924
469,13.628,14.609,15.96,17.501,18.92
470,13.625,14.606,15.957,17.497,18.916
471,13.623,14.603,15.954,17.493,18.912
472,13.62,14.601,15.95,17.489,18.907
473,13.617,14.598,15.947,17.486,18.904
474,13.615,14.595,15.944,17.482,18.9
475,13.613,14.592,15.941,17.478,18.896
476,13.61,14.589,15.937,17.474,18.891
477,13.607,14.586,15.934,17.471,18.888
478,13.605,14.583,15.931,17.467,18.884
479,13.603,14.581,15.927,17.463,18.88
480,13.6,14.578,15.924,17.46,18.876
481,13.597,14.575,15.921,17.456,18.872
482,13.595,14.572,15.918,17.453,18.868
483,13.593,14.569,15.915,17.449,18.864
484,13.59,14.566,15.911,17.445,18.86
485,13.588,14.564,15.908,17.442,18.856
486,13.585,14.561,15.905,17.438,18.852
487,13.583,14.558,15.902,17.435,18.848
488,13.581,14.555,15.899,17.431,18.844
489,13.578,14.553,15.895,17.427,18.841
490,13.576,14.55,15.892,17.424,18.837
491,13.573,14.547,15.889,17.42,18.833
492,13.571,14.545,15.886,17.417,18.829
493,13.568,14.542,15.883,17.413,18.826
494,13.566,14.539,15.88,17.41,18.822
495,13.564,14.536,15.877,17.406,18.818
496,13.561,14.534,15.874,17.403,18.814
497,13.559,14.531,15.87,17.399,18.811
498,13.557,14.528,15.867,17.396,18.807
499,13.554,14.526,15.864,17.392,18.803
500,13.552,14.523,15.861,17.389,18.799
501,13.55,14.52,15.858,17.386,18.796
502,13.547,14.518,15.855,17.382,18.792
503,13.545,14.515,15.852,17.379,18.788
504,13.543,14.512,15.849,17.375,18.785
505,13.54,14.51,15.846,17.372,18.781
506,13.538,14.507,15.843,17.369,18.777
507,13.536,14.505,15.84,17.365,18.773
508,13.534,14.502,15.837,17.362,18.77
509,13.531,14.5,15.834,17.359,18.766
510,13.529,14.497,15.831,17.355,18.763
511,13.527,14.494,15.828,17.352,18.759
512,13.525,14.492,15.825,17.349,18.756
513,13.523,14.489,15.822,17.345,18.752
514,13.52,14.487,15.82,17.342,18.748
515,13.518,14.484,15.817,17.339,18.745
516,13.516,14.482,15.814,17.336,18.742
517,13.514,14.479,15.811,17.332,18.738
518,13.511,14.477,15.808,17.329,18.735
519,13.509,14.474,15.805,17.326,18.731
520,13.507,14.472,15.802,17.323,18.727
521,13.505,14.469,15.799,17.319,18.724
522,13.503,14.467,15.797,17.316,18.721
523,13.501,14.464,15.794,17.313,18.717
524,13.499,14.462,15.791,17.31,18.714
525,13.496,14.459,15.788,17.307,18.71
526,13.494,14.457,15.785,17.304,18.707
527,13.492,14.455,15.783,17.3,18.703
528,13.49,14.452,15.78,17.297,18.7
529,13.488,14.45,15.777,17.294,18.697
530,13.486,14.447,15.774,17.291,18.693
531,13.484,14.445,15.771,17.288,18.69
532,13.482,14.443,15.769,17.285,18.687
533,13.48,14.44,15.766,17.282,18.683
534,13.477,14.438,15.763,17.279,18.68
535,13.475,14.436,15.761,17.276,18.677
536,13.473,14.433,15.758,17.273,18.673
537,13.471,14.431,15.755,17.269,18.67
538,13.469,14.429,15.752,17.267,18.667
539,13.467,14.426,15.75,17.263,18.664
540,13.465,14.424,15.747,17.26,18.66
541,13.463,14.422,15.744,17.258,18.657
542,13.461,14.419,15.742,17.254,18.654
543,13.459,14.417,15.739,17.251,18.651
544,13.457,14.415,15.736,17.249,18.648
545,13.455,14.412,15.734,17.246,18.644
546,13.453,14.41,15.731,17.243,18.641
547,13.451,14.408,15.729,17.24,18.638
548,13.449,14.406,15.726,17.237,18.635
549,13.447,14.403,15.723,17.234,18.631
550,13.445,14.401,15.721,17.231,18.629
551,13.443,14.399,15.718,17.228,18.625
552,13.442,14.397,15.716,17.225,18.622
553,13.44,14.395,15.713,17.222,18.619
554,13.438,14.392,15.711,17.219,18.616
555,13.436,14.39,15.708,17.217,18.613
556,13.434,14.388,15.706,17.214,18.61
557,13.432,14.386,15.703,17.211,18.607
558,13.43,14.384,15.701,17.208,18.604
559,13.428,14.381,15.698,17.205,18.601
560,13.426,14.379,15.696,17.203,18.598
561,13.424,14.377,15.693,17.2,18.595
562,13.422,14.375,15.691,17.197,18.592
563,13.421,14.373,15.688,17.194,18.589
564,13.419,14.371,15.686,17.191,18.586
565,13.417,14.369,15.683,17.189,18.583
566,13.415,14.367,15.681,17.186,18.58
567,13.413,14.364,15.678,17.183,18.577
568,13.411,14.362,15.676,17.18,18.574
569,13.41,14.36,15.674,17.178,18.571
570,13.408,14.358,15.671,17.175,18.568
571,13.406,14.356,15.669,17.172,18.565
572,13.404,14.354,15.667,17.17,18.562
573,13.402,14.352,15.664,17.167,18.559
574,13.401,14.35,15.662,17.164,18.556
575,13.399,14.348,15.659,17.162,18.553
576,13.397,14.346,15.657,17.159,18.551
577,13.396,14.344,15.655,17.156,18.548
578,13.394,14.342,15.652,17.154,18.545
579,13.392,14.34,15.65,17.151,18.542
580,13.39,14.338,15.648,17.149,18.539
581,13.388,14.336,15.646,17.146,18.537
582,13.387,14.334,15.643,17.143,18.534
583,13.385,14.332,15.641,17.141,18.531
584,13.383,14.33,15.639,17.138,18.528
585,13.382,14.328,15.636,17.136,18.526
586,13.38,14.326,15.634,17.133,18.523
587,13.378,14.324,15.632,17.131,18.52
588,13.377,14.322,15.63,17.128,18.517
589,13.375,14.32,15.628,17.126,18.515
590,13.373,14.319,15.625,17.123,18.512
591,13.372,14.317,15.623,17.121,18.509
592,13.37,14.315,15.621,17.118,18.507
593,13.368,14.313,15.619,17.116,18.504
594,13.367,14.311,15.617,17.113,18.501
595,13.365,14.309,15.614,17.111,18.499
596,13.364,14.307,15.612,17.108,18.496
597,13.362,14.305,15.61,17.106,18.493
598,13.36,14.304,15.608,17.104,18.491
599,13.359,14.302,15.606,17.101,18.488
600,13.357,14.3,15.604,17.099,18.486
601,13.356,14.298,15.602,17.096,18.483
602,13.354,14.296,15.599,17.094,18.481
603,13.352,14.294,15.597,17.092,18.478
604,13.351,14.293,15.595,17.089,18.475
605,13.349,14.291,15.593,17.087,18.473
606,13.348,14.289,15.591,17.085,18.47
607,13.346,14.287,15.589,17.082,18.468
608,13.345,14.286,15.587,17.08,18.465
609,13.343,14.284,15.585,17.078,18.463
610,13.342,14.282,15.583,17.075,18.46
611,13.34,14.28,15.581,17.073,18.458
612,13.339,14.279,15.579,17.071,18.455
613,13.337,14.277,15.577,17.069,18.453
614,13.336,14.275,15.575,17.066,18.45
615,13.334,14.273,15.573,17.064,18.448
616,13.333,14.272,15.571,17.062,18.445
617,13.331,14.27,15.569,17.06,18.443
618,13.33,14.268,15.567,17.057,18.441
619,13.329,14.267,15.565,17.055,18.438
620,13.327,14.265,15.563,17.053,18.436
621,13.326,14.263,15.561,17.051,18.434
622,13.324,14.262,15.559,17.049,18.431
623,13.323,14.26,15.557,17.046,18.429
624,13.321,14.258,15.556,17.044,18.427
625,13.32,14.257,15.554,17.042,18.424
626,13.319,14.255,15.552,17.04,18.422
627,13.317,14.254,15.55,17.038,18.42
628,13.316,14.252,15.548,17.036,18.417
629,13.314,14.25,15.546,17.034,18.415
630,13.313,14.249,15.544,17.032,18.413
631,13.312,14.247,15.542,17.029,18.411
632,13.31,14.246,15.541,17.027,18.409
633,13.309,14.244,15.539,17.025,18.406
634,13.308,14.243,15.537,17.023,18.404
635,13.306,14.241,15.535,17.021,18.402
636,13.305,14.24,15.533,17.019,18.4
637,13.304,14.238,15.532,17.017,18.397
638,13.303,14.237,15.53,17.015,18.395
639,13.301,14.235,15.528,17.013,18.393
640,13.3,14.234,15.526,17.011,18.391
641,13.298,14.232,15.525,17.009,18.389
642,13.297,14.231,15.523,17.007,18.387
643,13.296,14.229,15.521,17.005,18.384
644,13.295,14.228,15.519,17.003,18.382
645,13.294,14.226,15.518,17.001,18.38
646,13.292,14.225,15.516,17,18.378
647,13.291,14.223,15.514,16.998,18.376
648,13.29,14.222,15.513,16.996,18.374
649,13.289,14.22,15.511,16.994,18.372
650,13.288,14.219,15.509,16.992,18.37
651,13.286,14.218,15.508,16.99,18.368
652,13.285,14.216,15.506,16.988,18.366
653,13.284,14.215,15.505,16.986,18.364
654,13.283,14.214,15.503,16.984,18.362
655,13.281,14.212,15.501,16.983,18.36
656,13.28,14.211,15.5,16.981,18.358
657,13.279,14.209,15.498,16.979,18.356
658,13.278,14.208,15.497,16.977,18.354
659,13.277,14.207,15.495,16.975,18.352
660,13.276,14.205,15.493,16.974,18.35
661,13.275,14.204,15.492,16.972,18.348
662,13.273,14.203,15.49,16.97,18.347
663,13.272,14.202,15.489,16.968,18.345
664,13.271,14.2,15.487,16.967,18.343
665,13.27,14.199,15.486,16.965,18.341
666,13.269,14.198,15.484,16.963,18.339
667,13.268,14.196,15.483,16.962,18.337
668,13.267,14.195,15.481,16.96,18.335
669,13.266,14.194,15.48,16.958,18.334
670,13.265,14.193,15.478,16.956,18.332
671,13.264,14.191,15.477,16.955,18.33
672,13.263,14.19,15.475,16.953,18.328
673,13.262,14.189,15.474,16.952,18.326
674,13.261,14.188,15.472,16.95,18.325
675,13.26,14.186,15.471,16.948,18.323
676,13.259,14.185,15.47,16.947,18.321
677,13.257,14.184,15.468,16.945,18.319
678,13.257,14.183,15.467,16.943,18.318
679,13.256,14.182,15.465,16.942,18.316
680,13.255,14.181,15.464,16.94,18.314
681,13.254,14.179,15.463,16.939,18.312
682,13.253,14.178,15.461,16.937,18.311
683,13.252,14.177,15.46,16.935,18.309
684,13.251,14.176,15.459,16.934,18.308
685,13.25,14.175,15.457,16.932,18.306
686,13.249,14.174,15.456,16.931,18.304
687,13.248,14.173,15.455,16.929,18.302
688,13.247,14.171,15.453,16.928,18.301
689,13.246,14.17,15.452,16.926,18.299
690,13.245,14.169,15.451,16.925,18.297
691,13.244,14.168,15.449,16.923,18.296
692,13.243,14.167,15.448,16.922,18.294
693,13.242,14.166,15.447,16.921,18.293
694,13.242,14.165,15.446,16.919,18.291
695,13.241,14.164,15.444,16.918,18.29
696,13.24,14.163,15.443,16.916,18.288
697,13.239,14.162,15.442,16.915,18.287
698,13.238,14.161,15.441,16.913,18.285
699,13.237,14.16,15.439,16.912,18.284
700,13.236,14.159,15.438,16.911,18.282
701,13.235,14.158,15.437,16.909,18.281
702,13.235,14.157,15.436,16.908,18.279
703,13.234,14.156,15.435,16.907,18.278
704,13.233,14.155,15.433,16.905,18.276
705,13.232,14.154,15.432,16.904,18.275
706,13.231,14.153,15.431,16.902,18.273
707,13.231,14.152,15.43,16.901,18.272
708,13.23,14.151,15.429,16.9,18.27
709,13.229,14.15,15.428,16.898,18.269
710,13.228,14.149,15.426,16.897,18.268
711,13.228,14.148,15.425,16.896,18.266
712,13.227,14.147,15.424,16.895,18.265
713,13.226,14.146,15.423,16.893,18.263
714,13.225,14.145,15.422,16.892,18.262
715,13.225,14.145,15.421,16.891,18.261
716,13.224,14.144,15.42,16.89,18.259
717,13.223,14.143,15.419,16.888,18.258
718,13.222,14.142,15.418,16.887,18.257
719,13.221,14.141,15.416,16.886,18.255
720,13.221,14.14,15.415,16.885,18.254
721,13.22,14.139,15.414,16.883,18.252
722,13.219,14.138,15.413,16.882,18.251
723,13.219,14.137,15.412,16.881,18.25
724,13.218,14.137,15.411,16.88,18.249
725,13.217,14.136,15.41,16.878,18.247
726,13.217,14.135,15.409,16.877,18.246
727,13.216,14.134,15.408,16.876,18.245
728,13.215,14.133,15.407,16.875,18.244
729,13.215,14.132,15.406,16.874,18.242
730,13.214,14.132,15.405,16.873,18.241
731,13.473,14.402,15.688,17.163,18.533
732,13.472,14.401,15.687,17.162,18.532
733,13.471,14.401,15.686,17.161,18.531
734,13.47,14.4,15.685,17.16,18.529
735,13.469,14.399,15.684,17.159,18.528
736,13.469,14.398,15.683,17.158,18.527
737,13.468,14.397,15.682,17.157,18.526
738,13.467,14.396,15.681,17.156,18.525
739,13.466,14.395,15.68,17.155,18.524
740,13.465,14.394,15.679,17.154,18.523
741,13.464,14.393,15.678,17.153,18.521
742,13.464,14.392,15.677,17.151,18.52
743,13.463,14.392,15.676,17.15,18.519
744,13.462,14.391,15.675,17.149,18.518
745,13.461,14.39,15.674,17.148,18.516
746,13.46,14.389,15.673,17.147,18.515
747,13.46,14.388,15.672,17.146,18.514
748,13.459,14.387,15.671,17.145,18.513
749,13.458,14.386,15.67,17.144,18.512
750,13.457,14.385,15.67,17.143,18.511
751,13.456,14.385,15.669,17.142,18.509
752,13.455,14.384,15.668,17.141,18.508
753,13.455,14.383,15.667,17.14,18.507
754,13.454,14.382,15.666,17.139,18.506
755,13.453,14.381,15.665,17.138,18.505
756,13.452,14.38,15.664,17.137,18.504
757,13.452,14.379,15.663,17.135,18.502
758,13.451,14.379,15.662,17.134,18.501
759,13.45,14.378,15.661,17.133,18.5
760,13.449,14.377,15.66,17.132,18.499
761,13.448,14.376,15.659,17.131,18.498
762,13.448,14.375,15.658,17.13,18.497
763,13.447,14.374,15.657,17.129,18.496
764,13.446,14.373,15.656,17.128,18.494
765,13.445,14.372,15.655,17.127,18.493
766,13.444,14.372,15.654,17.126,18.492
767,13.444,14.371,15.653,17.125,18.491
768,13.443,14.37,15.652,17.124,18.49
769,13.442,14.369,15.651,17.123,18.489
770,13.441,14.368,15.65,17.122,18.487
771,13.44,14.367,15.65,17.121,18.486
772,13.44,14.367,15.649,17.12,18.485
773,13.439,14.366,15.648,17.119,18.484
774,13.438,14.365,15.647,17.118,18.483
775,13.437,14.364,15.646,17.117,18.482
776,13.436,14.363,15.645,17.115,18.481
777,13.436,14.362,15.644,17.114,18.48
778,13.435,14.362,15.643,17.113,18.478
779,13.434,14.361,15.642,17.112,18.477
780,13.433,14.36,15.641,17.111,18.476
781,13.433,14.359,15.64,17.11,18.475
782,13.432,14.358,15.639,17.109,18.474
783,13.431,14.357,15.638,17.108,18.473
784,13.43,14.357,15.638,17.107,18.472
785,13.43,14.356,15.637,17.106,18.471
786,13.429,14.355,15.636,17.105,18.469
787,13.428,14.354,15.635,17.104,18.468
788,13.427,14.353,15.634,17.103,18.467
789,13.427,14.352,15.633,17.102,18.466
790,13.426,14.352,15.632,17.101,18.465
791,13.425,14.351,15.631,17.1,18.464
792,13.424,14.35,15.63,17.099,18.463
793,13.424,14.349,15.629,17.098,18.462
794,13.423,14.348,15.628,17.097,18.461
795,13.422,14.347,15.628,17.096,18.46
796,13.421,14.347,15.627,17.095,18.458
797,13.42,14.346,15.626,17.094,18.457
798,13.42,14.345,15.625,17.093,18.456
799,13.419,14.344,15.624,17.092,18.455
800,13.418,14.343,15.623,17.091,18.454
801,13.418,14.343,15.622,17.09,18.453
802,13.417,14.342,15.621,17.089,18.452
803,13.416,14.341,15.62,17.088,18.451
804,13.415,14.34,15.619,17.087,18.45
805,13.415,14.339,15.619,17.086,18.449
806,13.414,14.339,15.618,17.085,18.447
807,13.413,14.338,15.617,17.084,18.447
808,13.413,14.337,15.616,17.083,18.445
809,13.412,14.336,15.615,17.082,18.444
810,13.411,14.335,15.614,17.081,18.443
811,13.41,14.335,15.613,17.08,18.442
812,13.409,14.334,15.612,17.079,18.441
813,13.409,14.333,15.612,17.078,18.44
814,13.408,14.332,15.611,17.077,18.439
815,13.407,14.331,15.61,17.076,18.438
816,13.406,14.331,15.609,17.075,18.437
817,13.406,14.33,15.608,17.074,18.436
818,13.405,14.329,15.607,17.073,18.435
819,13.404,14.328,15.606,17.073,18.434
820,13.404,14.328,15.605,17.071,18.432
821,13.403,14.327,15.604,17.07,18.431
822,13.402,14.326,15.604,17.069,18.43
823,13.401,14.325,15.603,17.068,18.429
824,13.401,14.324,15.602,17.068,18.428
825,13.4,14.324,15.601,17.067,18.427
826,13.399,14.323,15.6,17.066,18.426
827,13.398,14.322,15.599,17.065,18.425
828,13.398,14.321,15.598,17.064,18.424
829,13.397,14.32,15.598,17.063,18.423
830,13.396,14.32,15.597,17.062,18.422
831,13.395,14.319,15.596,17.061,18.421
832,13.395,14.318,15.595,17.06,18.419
833,13.394,14.317,15.594,17.059,18.419
834,13.393,14.317,15.593,17.058,18.417
835,13.393,14.316,15.592,17.057,18.416
836,13.392,14.315,15.592,17.056,18.415
837,13.391,14.314,15.591,17.055,18.414
838,13.391,14.313,15.59,17.054,18.413
839,13.39,14.313,15.589,17.053,18.412
840,13.389,14.312,15.588,17.052,18.411
841,13.388,14.311,15.587,17.051,18.41
842,13.388,14.31,15.586,17.05,18.409
843,13.387,14.309,15.586,17.049,18.408
844,13.386,14.309,15.585,17.049,18.407
845,13.385,14.308,15.584,17.048,18.406
846,13.385,14.307,15.583,17.046,18.405
847,13.384,14.306,15.582,17.046,18.404
848,13.383,14.306,15.581,17.045,18.403
849,13.383,14.305,15.58,17.044,18.402
850,13.382,14.304,15.58,17.043,18.401
851,13.381,14.303,15.579,17.042,18.4
852,13.381,14.303,15.578,17.041,18.399
853,13.38,14.302,15.577,17.04,18.398
854,13.379,14.301,15.576,17.039,18.397
855,13.378,14.3,15.575,17.038,18.396
856,13.378,14.3,15.575,17.037,18.395
857,13.377,14.299,15.574,17.036,18.394
858,13.376,14.298,15.573,17.035,18.393
859,13.375,14.297,15.572,17.035,18.392
860,13.375,14.296,15.571,17.034,18.391
861,13.374,14.296,15.57,17.033,18.39
862,13.373,14.295,15.57,17.032,18.389
863,13.373,14.294,15.569,17.031,18.388
864,13.372,14.294,15.568,17.03,18.387
865,13.371,14.293,15.567,17.029,18.386
866,13.371,14.292,15.566,17.028,18.385
867,13.37,14.291,15.565,17.027,18.384
868,13.369,14.29,15.565,17.026,18.383
869,13.369,14.29,15.564,17.025,18.382
870,13.368,14.289,15.563,17.024,18.381
871,13.367,14.288,15.562,17.023,18.38
872,13.366,14.287,15.561,17.022,18.379
873,13.366,14.287,15.56,17.022,18.378
874,13.365,14.286,15.56,17.021,18.377
875,13.364,14.285,15.559,17.02,18.376
876,13.364,14.284,15.558,17.019,18.375
877,13.363,14.284,15.557,17.018,18.374
878,13.362,14.283,15.556,17.017,18.373
879,13.361,14.282,15.555,17.016,18.372
880,13.361,14.281,15.555,17.015,18.371
881,13.36,14.281,15.554,17.014,18.37
882,13.359,14.28,15.553,17.013,18.369
883,13.359,14.279,15.552,17.013,18.368
884,13.358,14.278,15.551,17.012,18.367
885,13.357,14.278,15.55,17.011,18.366
886,13.356,14.277,15.55,17.01,18.365
887,13.356,14.276,15.549,17.009,18.364
888,13.355,14.275,15.548,17.008,18.363
889,13.354,14.275,15.547,17.007,18.362
890,13.354,14.274,15.546,17.006,18.361
891,13.353,14.273,15.546,17.005,18.36
892,13.352,14.272,15.545,17.004,18.359
893,13.352,14.272,15.544,17.004,18.359
894,13.351,14.271,15.543,17.003,18.358
895,13.35,14.27,15.542,17.002,18.357
896,13.349,14.269,15.541,17.001,18.356
897,13.349,14.269,15.541,17,18.355
898,13.348,14.268,15.54,16.999,18.354
899,13.347,14.267,15.539,16.998,18.353
900,13.347,14.266,15.538,16.997,18.352
901,13.346,14.266,15.537,16.996,18.351
902,13.345,14.265,15.537,16.996,18.35
903,13.345,14.264,15.536,16.995,18.349
904,13.344,14.263,15.535,16.994,18.348
905,13.343,14.263,15.534,16.993,18.347
906,13.342,14.262,15.533,16.992,18.346
907,13.342,14.261,15.533,16.991,18.345
908,13.341,14.26,15.532,16.99,18.344
909,13.34,14.259,15.531,16.99,18.344
910,13.34,14.259,15.53,16.989,18.343
911,13.339,14.258,15.529,16.988,18.342
912,13.338,14.257,15.529,16.987,18.341
913,13.337,14.257,15.528,16.986,18.34
914,13.337,14.256,15.527,16.985,18.339
915,13.336,14.255,15.526,16.984,18.338
916,13.335,14.254,15.525,16.983,18.337
917,13.335,14.254,15.525,16.983,18.336
918,13.334,14.253,15.524,16.982,18.335
919,13.333,14.252,15.523,16.981,18.334
920,13.333,14.251,15.522,16.98,18.333
921,13.332,14.251,15.521,16.979,18.333
922,13.331,14.25,15.521,16.978,18.332
923,13.33,14.249,15.52,16.978,18.331
924,13.33,14.248,15.519,16.977,18.33
925,13.329,14.248,15.518,16.976,18.329
926,13.328,14.247,15.517,16.975,18.328
927,13.328,14.246,15.517,16.974,18.327
928,13.327,14.245,15.516,16.973,18.326
929,13.326,14.245,15.515,16.972,18.325
930,13.325,14.244,15.514,16.972,18.324
931,13.325,14.243,15.513,16.971,18.323
932,13.324,14.242,15.513,16.97,18.323
933,13.323,14.242,15.512,16.969,18.322
934,13.323,14.241,15.511,16.968,18.321
935,13.322,14.24,15.51,16.967,18.32
936,13.321,14.239,15.509,16.966,18.319
937,13.32,14.239,15.509,16.966,18.318
938,13.32,14.238,15.508,16.965,18.317
939,13.319,14.237,15.507,16.964,18.316
940,13.318,14.236,15.506,16.963,18.315
941,13.318,14.236,15.505,16.962,18.315
942,13.317,14.235,15.505,16.961,18.314
943,13.316,14.234,15.504,16.961,18.313
944,13.315,14.233,15.503,16.96,18.312
945,13.315,14.233,15.502,16.959,18.311
946,13.314,14.232,15.502,16.958,18.31
947,13.313,14.231,15.501,16.957,18.309
948,13.313,14.23,15.5,16.956,18.308
949,13.312,14.23,15.499,16.956,18.308
950,13.311,14.229,15.498,16.955,18.307
951,13.31,14.228,15.498,16.954,18.306
952,13.31,14.227,15.497,16.953,18.305
953,13.309,14.227,15.496,16.953,18.305
954,13.308,14.226,15.495,16.952,18.304
955,13.307,14.225,15.494,16.951,18.303
956,13.307,14.224,15.494,16.95,18.302
957,13.306,14.224,15.493,16.949,18.301
958,13.305,14.223,15.492,16.948,18.3
959,13.305,14.222,15.491,16.948,18.299
960,13.304,14.222,15.491,16.947,18.299
961,13.303,14.221,15.49,16.946,18.298
962,13.302,14.22,15.489,16.945,18.297
963,13.302,14.219,15.488,16.944,18.296
964,13.301,14.219,15.488,16.944,18.295
965,13.3,14.218,15.487,16.943,18.294
966,13.299,14.217,15.486,16.942,18.294
967,13.299,14.216,15.485,16.941,18.293
968,13.298,14.216,15.484,16.94,18.292
969,13.297,14.215,15.484,16.94,18.291
970,13.297,14.214,15.483,16.939,18.291
971,13.296,14.213,15.482,16.938,18.29
972,13.295,14.212,15.481,16.937,18.289
973,13.294,14.212,15.481,16.937,18.288
974,13.294,14.211,15.48,16.936,18.287
975,13.293,14.21,15.479,16.935,18.287
976,13.292,14.21,15.478,16.934,18.286
977,13.292,14.209,15.478,16.933,18.285
978,13.291,14.208,15.477,16.933,18.284
979,13.29,14.207,15.476,16.932,18.284
980,13.289,14.207,15.475,16.931,18.283
981,13.289,14.206,15.475,16.93,18.282
982,13.288,14.205,15.474,16.93,18.281
983,13.287,14.204,15.473,16.929,18.28
984,13.286,14.204,15.472,16.928,18.28
985,13.286,14.203,15.472,16.927,18.279
986,13.285,14.202,15.471,16.927,18.278
987,13.284,14.201,15.47,16.926,18.278
988,13.284,14.201,15.469,16.925,18.277
989,13.283,14.2,15.469,16.924,18.276
990,13.282,14.199,15.468,16.924,18.275
991,13.281,14.198,15.467,16.923,18.274
992,13.281,14.198,15.466,16.922,18.274
993,13.28,14.197,15.466,16.921,18.273
994,13.279,14.196,15.465,16.921,18.272
995,13.278,14.195,15.464,16.92,18.272
996,13.278,14.195,15.463,16.919,18.271
997,13.277,14.194,15.463,16.919,18.27
998,13.276,14.193,15.462,16.918,18.27
999,13.275,14.192,15.461,16.917,18.269
1000,13.275,14.192,15.46,16.916,18.268
1001,13.274,14.191,15.46,16.916,18.267
1002,13.273,14.19,15.459,16.915,18.267
1003,13.273,14.19,15.458,16.914,18.266
1004,13.272,14.189,15.458,16.914,18.266
1005,13.271,14.188,15.457,16.913,18.265
1006,13.27,14.187,15.456,16.912,18.264
1007,13.27,14.187,15.455,16.911,18.263
1008,13.269,14.186,15.455,16.911,18.263
1009,13.268,14.185,15.454,16.91,18.262
1010,13.267,14.184,15.453,16.909,18.261
1011,13.267,14.184,15.452,16.908,18.261
1012,13.266,14.183,15.452,16.908,18.26
1013,13.265,14.182,15.451,16.907,18.259
1014,13.265,14.182,15.45,16.907,18.259
1015,13.264,14.181,15.45,16.906,18.258
1016,13.263,14.18,15.449,16.905,18.258
1017,13.262,14.179,15.448,16.904,18.257
1018,13.262,14.179,15.447,16.904,18.256
1019,13.261,14.178,15.447,16.903,18.255
1020,13.26,14.177,15.446,16.902,18.255
1021,13.259,14.176,15.445,16.902,18.254
1022,13.259,14.176,15.445,16.901,18.254
1023,13.258,14.175,15.444,16.9,18.253
1024,13.257,14.174,15.443,16.9,18.252
1025,13.256,14.174,15.443,16.899,18.252
1026,13.256,14.173,15.442,16.898,18.251
1027,13.255,14.172,15.441,16.898,18.251
1028,13.254,14.171,15.44,16.897,18.25
1029,13.254,14.171,15.44,16.896,18.249
1030,13.253,14.17,15.439,16.896,18.249
1031,13.252,14.169,15.438,16.895,18.248
1032,13.251,14.169,15.438,16.895,18.248
1033,13.251,14.168,15.437,16.894,18.247
1034,13.25,14.167,15.436,16.893,18.246
1035,13.249,14.166,15.436,16.893,18.246
1036,13.248,14.166,15.435,16.892,18.246
1037,13.248,14.165,15.434,16.891,18.245
1038,13.247,14.164,15.434,16.891,18.244
1039,13.246,14.163,15.433,16.89,18.244
1040,13.245,14.163,15.432,16.889,18.243
1041,13.245,14.162,15.432,16.889,18.243
1042,13.244,14.161,15.431,16.888,18.242
1043,13.243,14.161,15.43,16.888,18.241
1044,13.242,14.16,15.429,16.887,18.241
1045,13.242,14.159,15.429,16.887,18.241
1046,13.241,14.158,15.428,16.886,18.24
1047,13.24,14.158,15.427,16.885,18.239
1048,13.24,14.157,15.427,16.885,18.239
1049,13.239,14.156,15.426,16.884,18.239
1050,13.238,14.156,15.425,16.883,18.238
1051,13.237,14.155,15.425,16.883,18.237
1052,13.237,14.154,15.424,16.882,18.237
1053,13.236,14.153,15.423,16.882,18.237
1054,13.235,14.153,15.423,16.881,18.236
1055,13.234,14.152,15.422,16.88,18.235
1056,13.234,14.151,15.422,16.88,18.235
1057,13.233,14.151,15.421,16.879,18.235
1058,13.232,14.15,15.42,16.879,18.234
1059,13.231,14.149,15.42,16.878,18.233
1060,13.231,14.149,15.419,16.878,18.233
1061,13.23,14.148,15.418,16.877,18.233
1062,13.229,14.147,15.418,16.877,18.232
1063,13.228,14.146,15.417,16.876,18.232
1064,13.228,14.146,15.416,16.875,18.231
1065,13.227,14.145,15.416,16.875,18.231
1066,13.226,14.144,15.415,16.874,18.23
1067,13.226,14.144,15.414,16.874,18.23
1068,13.225,14.143,15.414,16.873,18.23
1069,13.224,14.142,15.413,16.873,18.229
1070,13.223,14.142,15.413,16.872,18.229
1071,13.223,14.141,15.412,16.872,18.228
1072,13.222,14.14,15.411,16.871,18.228
1073,13.221,14.139,15.411,16.871,18.227
1074,13.22,14.139,15.41,16.87,18.227
1075,13.22,14.138,15.409,16.87,18.227
1076,13.219,14.137,15.409,16.869,18.226
1077,13.218,14.137,15.408,16.869,18.226
1078,13.218,14.136,15.408,16.868,18.225
1079,13.217,14.135,15.407,16.868,18.225
1080,13.216,14.135,15.406,16.867,18.225
1081,13.215,14.134,15.406,16.866,18.224
1082,13.214,14.133,15.405,16.866,18.224
1083,13.214,14.132,15.404,16.866,18.223
1084,13.213,14.132,15.404,16.865,18.223
1085,13.212,14.131,15.403,16.865,18.223
1086,13.212,14.13,15.403,16.864,18.222
1087,13.211,14.13,15.402,16.864,18.222
1088,13.21,14.129,15.401,16.863,18.222
1089,13.209,14.128,15.401,16.863,18.221
1090,13.209,14.128,15.4,16.862,18.221
1091,13.208,14.127,15.4,16.862,18.221
1092,13.207,14.126,15.399,16.861,18.22
1093,13.206,14.126,15.398,16.861,18.22
1094,13.206,14.125,15.398,16.86,18.22
1095,13.205,14.124,15.397,16.86,18.22
1096,13.204,14.123,15.397,16.859,18.219
1097,13.203,14.123,15.396,16.859,18.219
1098,13.203,14.122,15.395,16.858,18.219
1099,13.202,14.122,15.395,16.858,18.218
1100,13.201,14.121,15.394,16.858,18.218
1101,13.2,14.12,15.394,16.857,18.218
1102,13.2,14.119,15.393,16.857,18.217
1103,13.199,14.119,15.393,16.856,18.217
1104,13.198,14.118,15.392,16.856,18.217
1105,13.198,14.117,15.391,16.855,18.216
1106,13.197,14.117,15.391,16.855,18.216
1107,13.196,14.116,15.39,16.855,18.216
1108,13.195,14.115,15.39,16.854,18.216
1109,13.194,14.115,15.389,16.854,18.216
1110,13.194,14.114,15.389,16.853,18.215
1111,13.193,14.113,15.388,16.853,18.215
1112,13.192,14.113,15.387,16.852,18.215
1113,13.192,14.112,15.387,16.852,18.214
1114,13.191,14.111,15.386,16.852,18.214
1115,13.19,14.111,15.386,16.851,18.214
1116,13.189,14.11,15.385,16.851,18.214
1117,13.189,14.109,15.385,16.85,18.214
1118,13.188,14.109,15.384,16.85,18.213
1119,13.187,14.108,15.384,16.85,18.213
1120,13.186,14.107,15.383,16.849,18.213
1121,13.186,14.107,15.382,16.849,18.213
1122,13.185,14.106,15.382,16.849,18.213
1123,13.184,14.105,15.381,16.848,18.212
1124,13.184,14.105,15.381,16.848,18.212
1125,13.183,14.104,15.38,16.847,18.212
1126,13.182,14.103,15.38,16.847,18.212
1127,13.181,14.103,15.379,16.847,18.212
1128,13.18,14.102,15.379,16.846,18.211
1129,13.18,14.101,15.378,16.846,18.211
1130,13.179,14.101,15.378,16.846,18.211
1131,13.178,14.1,15.377,16.845,18.211
1132,13.177,14.099,15.376,16.845,18.211
1133,13.177,14.099,15.376,16.844,18.21
1134,13.176,14.098,15.375,16.844,18.211
1135,13.175,14.097,15.375,16.844,18.21
1136,13.175,14.097,15.374,16.843,18.21
1137,13.174,14.096,15.374,16.843,18.21
1138,13.173,14.095,15.373,16.843,18.21
1139,13.172,14.095,15.373,16.842,18.21
1140,13.172,14.094,15.372,16.842,18.21
1141,13.171,14.093,15.372,16.842,18.21
1142,13.17,14.093,15.371,16.841,18.209
1143,13.169,14.092,15.371,16.841,18.209
1144,13.169,14.091,15.37,16.841,18.209
1145,13.168,14.091,15.37,16.84,18.209
1146,13.167,14.09,15.369,16.84,18.209
1147,13.166,14.089,15.369,16.84,18.209
1148,13.166,14.089,15.368,16.84,18.209
1149,13.165,14.088,15.368,16.839,18.209
1150,13.164,14.087,15.367,16.839,18.209
1151,13.163,14.087,15.367,16.839,18.209
1152,13.163,14.086,15.366,16.838,18.208
1153,13.162,14.085,15.366,16.838,18.208
1154,13.161,14.085,15.365,16.838,18.208
1155,13.161,14.084,15.365,16.837,18.208
1156,13.16,14.084,15.364,16.837,18.208
1157,13.159,14.083,15.364,16.837,18.208
1158,13.158,14.082,15.363,16.837,18.208
1159,13.157,14.082,15.363,16.836,18.208
1160,13.157,14.081,15.362,16.836,18.208
1161,13.156,14.08,15.362,16.836,18.208
1162,13.155,14.08,15.361,16.835,18.208
1163,13.154,14.079,15.361,16.835,18.208
1164,13.154,14.078,15.36,16.835,18.208
1165,13.153,14.078,15.36,16.835,18.208
1166,13.152,14.077,15.359,16.834,18.208
1167,13.151,14.076,15.359,16.834,18.208
1168,13.151,14.076,15.358,16.834,18.208
1169,13.15,14.075,15.358,16.834,18.208
1170,13.149,14.074,15.357,16.833,18.208
1171,13.149,14.074,15.357,16.833,18.207
1172,13.148,14.073,15.356,16.833,18.208
1173,13.147,14.073,15.356,16.833,18.207
1174,13.146,14.072,15.355,16.832,18.208
1175,13.146,14.071,15.355,16.832,18.207
1176,13.145,14.071,15.354,16.832,18.208
1177,13.144,14.07,15.354,16.832,18.207
1178,13.143,14.069,15.354,16.831,18.208
1179,13.143,14.069,15.353,16.831,18.207
1180,13.142,14.068,15.353,16.831,18.208
1181,13.141,14.067,15.352,16.831,18.208
1182,13.14,14.067,15.352,16.83,18.208
1183,13.139,14.066,15.351,16.83,18.208
1184,13.139,14.066,15.351,16.83,18.208
1185,13.138,14.065,15.35,16.83,18.208
1186,13.137,14.064,15.35,16.83,18.208
1187,13.137,14.064,15.349,16.829,18.208
1188,13.136,14.063,15.349,16.829,18.208
1189,13.135,14.062,15.348,16.829,18.208
1190,13.134,14.062,15.348,16.829,18.208
1191,13.134,14.061,15.348,16.829,18.208
1192,13.133,14.06,15.347,16.828,18.208
1193,13.132,14.06,15.347,16.828,18.208
1194,13.131,14.059,15.346,16.828,18.208
1195,13.131,14.059,15.346,16.828,18.208
1196,13.13,14.058,15.345,16.828,18.208
1197,13.129,14.057,15.345,16.827,18.209
1198,13.128,14.057,15.344,16.827,18.209
1199,13.128,14.056,15.344,16.827,18.209
1200,13.127,14.055,15.343,16.827,18.209
1201,13.126,14.055,15.343,16.827,18.209
1202,13.125,14.054,15.343,16.826,18.209
1203,13.125,14.054,15.342,16.826,18.209
1204,13.124,14.053,15.342,16.826,18.209
1205,13.123,14.052,15.341,16.826,18.209
1206,13.123,14.052,15.341,16.826,18.209
1207,13.122,14.051,15.34,16.825,18.209
1208,13.121,14.05,15.34,16.825,18.21
1209,13.12,14.05,15.34,16.825,18.21
1210,13.119,14.049,15.339,16.825,18.21
1211,13.119,14.048,15.339,16.825,18.21
1212,13.118,14.048,15.338,16.825,18.21
1213,13.117,14.047,15.338,16.824,18.21
1214,13.116,14.046,15.337,16.824,18.21
1215,13.116,14.046,15.337,16.824,18.21
1216,13.115,14.045,15.336,16.824,18.21
1217,13.114,14.045,15.336,16.824,18.211
1218,13.114,14.044,15.336,16.824,18.211
1219,13.113,14.043,15.335,16.824,18.211
1220,13.112,14.043,15.335,16.823,18.211
1221,13.111,14.042,15.334,16.823,18.211
1222,13.111,14.042,15.334,16.823,18.211
1223,13.11,14.041,15.334,16.823,18.212
1224,13.109,14.04,15.333,16.823,18.212
1225,13.108,14.04,15.333,16.823,18.212
1226,13.107,14.039,15.332,16.822,18.212
1227,13.107,14.038,15.332,16.822,18.212
1228,13.106,14.038,15.331,16.822,18.212
1229,13.105,14.037,15.331,16.822,18.212
1230,13.105,14.037,15.331,16.822,18.213
1231,13.104,14.036,15.33,16.822,18.213
1232,13.103,14.035,15.33,16.822,18.213
1233,13.102,14.035,15.329,16.821,18.213
1234,13.102,14.034,15.329,16.821,18.213
1235,13.101,14.033,15.329,16.821,18.214
1236,13.1,14.033,15.328,16.821,18.214
1237,13.099,14.032,15.328,16.821,18.214
1238,13.099,14.032,15.327,16.821,18.214
1239,13.098,14.031,15.327,16.821,18.214
1240,13.097,14.03,15.327,16.821,18.215
1241,13.096,14.03,15.326,16.821,18.215
1242,13.096,14.029,15.326,16.82,18.215
1243,13.095,14.028,15.325,16.82,18.215
1244,13.094,14.028,15.325,16.82,18.215
1245,13.093,14.027,15.324,16.82,18.215
1246,13.093,14.027,15.324,16.82,18.215
1247,13.092,14.026,15.324,16.82,18.216
1248,13.091,14.026,15.323,16.82,18.216
1249,13.09,14.025,15.323,16.82,18.216
1250,13.09,14.024,15.323,16.82,18.217
1251,13.089,14.024,15.322,16.82,18.217
1252,13.088,14.023,15.322,16.819,18.217
1253,13.087,14.022,15.321,16.819,18.217
1254,13.087,14.022,15.321,16.819,18.217
1255,13.086,14.021,15.321,16.819,18.218
1256,13.085,14.021,15.32,16.819,18.218
1257,13.084,14.02,15.32,16.819,18.218
1258,13.084,14.019,15.319,16.819,18.218
1259,13.083,14.019,15.319,16.819,18.218
1260,13.082,14.018,15.319,16.819,18.219
1261,13.081,14.018,15.318,16.819,18.219
1262,13.081,14.017,15.318,16.819,18.219
1263,13.08,14.016,15.317,16.819,18.22
1264,13.079,14.016,15.317,16.818,18.22
1265,13.078,14.015,15.317,16.818,18.22
1266,13.078,14.014,15.316,16.818,18.22
1267,13.077,14.014,15.316,16.818,18.22
1268,13.076,14.013,15.316,16.818,18.221
1269,13.075,14.013,15.315,16.818,18.221
1270,13.075,14.012,15.315,16.818,18.221
1271,13.074,14.011,15.314,16.818,18.221
1272,13.073,14.011,15.314,16.818,18.222
1273,13.072,14.01,15.314,16.818,18.222
1274,13.072,14.01,15.313,16.818,18.222
1275,13.071,14.009,15.313,16.818,18.222
1276,13.07,14.008,15.313,16.818,18.223
1277,13.069,14.008,15.312,16.817,18.223
1278,13.069,14.007,15.312,16.817,18.223
1279,13.068,14.007,15.311,16.817,18.223
1280,13.067,14.006,15.311,16.817,18.224
1281,13.067,14.005,15.311,16.817,18.224
1282,13.066,14.005,15.31,16.817,18.224
1283,13.065,14.004,15.31,16.817,18.225
1284,13.064,14.004,15.31,16.817,18.225
1285,13.063,14.003,15.309,16.817,18.225
1286,13.063,14.002,15.309,16.817,18.226
1287,13.062,14.002,15.308,16.817,18.226
1288,13.061,14.001,15.308,16.817,18.226
1289,13.061,14.001,15.308,16.817,18.226
1290,13.06,14,15.307,16.817,18.227
1291,13.059,14,15.307,16.817,18.227
1292,13.058,13.999,15.307,16.817,18.227
1293,13.058,13.998,15.306,16.817,18.227
1294,13.057,13.998,15.306,16.817,18.228
1295,13.056,13.997,15.306,16.816,18.228
1296,13.055,13.997,15.305,16.817,18.229
1297,13.055,13.996,15.305,16.816,18.229
1298,13.054,13.995,15.304,16.816,18.229
1299,13.053,13.995,15.304,16.816,18.23
1300,13.052,13.994,15.304,16.816,18.23
1301,13.052,13.993,15.303,16.816,18.23
1302,13.051,13.993,15.303,16.816,18.23
1303,13.05,13.992,15.303,16.816,18.23
1304,13.05,13.992,15.302,16.816,18.231
1305,13.049,13.991,15.302,16.816,18.231
1306,13.048,13.991,15.302,16.816,18.231
1307,13.047,13.99,15.301,16.816,18.232
1308,13.047,13.989,15.301,16.816,18.232
1309,13.046,13.989,15.301,16.816,18.233
1310,13.045,13.988,15.3,16.816,18.233
1311,13.044,13.988,15.3,16.816,18.233
1312,13.044,13.987,15.3,16.816,18.234
1313,13.043,13.986,15.299,16.816,18.234
1314,13.042,13.986,15.299,16.816,18.234
1315,13.041,13.985,15.299,16.816,18.235
1316,13.041,13.985,15.298,16.816,18.235
1317,13.04,13.984,15.298,16.816,18.235
1318,13.039,13.984,15.298,16.816,18.236
1319,13.039,13.983,15.297,16.816,18.236
1320,13.038,13.982,15.297,16.816,18.236
1321,13.037,13.982,15.297,16.816,18.237
1322,13.036,13.981,15.296,16.816,18.237
1323,13.036,13.981,15.296,16.816,18.237
1324,13.035,13.98,15.296,16.816,18.237
1325,13.034,13.98,15.295,16.816,18.238
1326,13.034,13.979,15.295,16.816,18.238
1327,13.033,13.978,15.295,16.816,18.239
1328,13.032,13.978,15.294,16.816,18.239
1329,13.031,13.977,15.294,16.816,18.239
1330,13.031,13.977,15.294,16.816,18.24
1331,13.03,13.976,15.293,16.816,18.24
1332,13.029,13.976,15.293,16.816,18.24
1333,13.028,13.975,15.293,16.816,18.241
1334,13.028,13.974,15.292,16.816,18.241
1335,13.027,13.974,15.292,16.816,18.242
1336,13.026,13.973,15.292,16.816,18.242
1337,13.026,13.973,15.291,16.816,18.242
1338,13.025,13.972,15.291,16.816,18.243
1339,13.024,13.972,15.291,16.816,18.243
1340,13.023,13.971,15.29,16.816,18.243
1341,13.023,13.971,15.29,16.816,18.244
1342,13.022,13.97,15.29,16.816,18.244
1343,13.021,13.969,15.289,16.816,18.245
1344,13.021,13.969,15.289,16.816,18.245
1345,13.02,13.968,15.289,16.816,18.245
1346,13.019,13.968,15.288,16.816,18.246
1347,13.018,13.967,15.288,16.816,18.246
1348,13.018,13.967,15.288,16.816,18.246
1349,13.017,13.966,15.288,16.816,18.247
1350,13.016,13.965,15.287,16.816,18.247
1351,13.016,13.965,15.287,16.816,18.248
1352,13.015,13.964,15.287,16.816,18.248
1353,13.014,13.964,15.286,16.816,18.248
1354,13.014,13.963,15.286,16.816,18.249
1355,13.013,13.963,15.286,16.816,18.249
1356,13.012,13.962,15.285,16.816,18.249
1357,13.012,13.962,15.285,16.816,18.25
1358,13.011,13.961,15.285,16.816,18.25
1359,13.01,13.961,15.285,16.816,18.251
1360,13.01,13.96,15.284,16.816,18.251
1361,13.009,13.96,15.284,16.816,18.251
1362,13.008,13.959,15.284,16.817,18.252
1363,13.007,13.958,15.283,16.817,18.252
1364,13.007,13.958,15.283,16.817,18.253
1365,13.006,13.957,15.283,16.817,18.253
1366,13.005,13.957,15.282,16.817,18.253
1367,13.005,13.956,15.282,16.817,18.254
1368,13.004,13.956,15.282,16.817,18.254
1369,13.003,13.955,15.282,16.817,18.255
1370,13.003,13.955,15.281,16.817,18.255
1371,13.002,13.954,15.281,16.817,18.255
1372,13.001,13.954,15.281,16.817,18.256
1373,13.001,13.953,15.28,16.817,18.256
1374,13,13.953,15.28,16.817,18.257
1375,12.999,13.952,15.28,16.817,18.257
1376,12.999,13.952,15.28,16.817,18.258
1377,12.998,13.951,15.279,16.817,18.258
1378,12.997,13.95,15.279,16.817,18.258
1379,12.996,13.95,15.279,16.817,18.259
1380,12.996,13.949,15.279,16.818,18.259
1381,12.995,13.949,15.278,16.817,18.259
1382,12.995,13.948,15.278,16.817,18.26
1383,12.994,13.948,15.278,16.818,18.26
1384,12.993,13.947,15.277,16.818,18.261
1385,12.993,13.947,15.277,16.818,18.261
1386,12.992,13.946,15.277,16.818,18.262
1387,12.991,13.946,15.277,16.818,18.262
1388,12.991,13.945,15.276,16.818,18.262
1389,12.99,13.945,15.276,16.818,18.263
1390,12.989,13.944,15.276,16.818,18.263
1391,12.989,13.944,15.276,16.818,18.264
1392,12.988,13.943,15.275,16.818,18.264
1393,12.987,13.943,15.275,16.818,18.265
1394,12.987,13.942,15.275,16.818,18.265
1395,12.986,13.942,15.275,16.818,18.266
1396,12.985,13.941,15.274,16.818,18.266
1397,12.985,13.941,15.274,16.819,18.266
1398,12.984,13.94,15.274,16.819,18.267
1399,12.983,13.94,15.274,16.819,18.267
1400,12.983,13.939,15.273,16.819,18.267
1401,12.982,13.939,15.273,16.819,18.268
1402,12.981,13.938,15.273,16.819,18.268
1403,12.981,13.938,15.273,16.819,18.269
1404,12.98,13.937,15.272,16.819,18.269
1405,12.98,13.937,15.272,16.819,18.27
1406,12.979,13.936,15.272,16.819,18.27
1407,12.978,13.936,15.272,16.819,18.271
1408,12.978,13.935,15.271,16.82,18.271
1409,12.977,13.935,15.271,16.82,18.272
1410,12.976,13.934,15.271,16.82,18.272
1411,12.976,13.934,15.271,16.82,18.273
1412,12.975,13.933,15.27,16.82,18.273
1413,12.974,13.933,15.27,16.82,18.274
1414,12.974,13.932,15.27,16.82,18.274
1415,12.973,13.932,15.27,16.82,18.275
1416,12.973,13.932,15.269,16.82,18.275
1417,12.972,13.931,15.269,16.82,18.275
1418,12.971,13.931,15.269,16.82,18.276
1419,12.971,13.93,15.269,16.821,18.276
1420,12.97,13.93,15.269,16.821,18.277
1421,12.969,13.929,15.268,16.821,18.277
1422,12.969,13.929,15.268,16.821,18.278
1423,12.968,13.928,15.268,16.821,18.278
1424,12.968,13.928,15.268,16.821,18.279
1425,12.967,13.927,15.267,16.821,18.279
1426,12.966,13.927,15.267,16.821,18.28
1427,12.966,13.926,15.267,16.821,18.28
1428,12.965,13.926,15.267,16.822,18.281
1429,12.964,13.925,15.267,16.822,18.281
1430,12.964,13.925,15.266,16.822,18.281
1431,12.963,13.925,15.266,16.822,18.282
1432,12.963,13.924,15.266,16.822,18.282
1433,12.962,13.924,15.266,16.822,18.283
1434,12.962,13.923,15.265,16.822,18.283
1435,12.961,13.923,15.265,16.822,18.284
1436,12.96,13.922,15.265,16.823,18.284
1437,12.96,13.922,15.265,16.823,18.285
1438,12.959,13.921,15.265,16.823,18.285
1439,12.958,13.921,15.264,16.823,18.286
1440,12.958,13.92,15.264,16.823,18.286
1441,12.957,13.92,15.264,16.823,18.287
1442,12.957,13.92,15.264,16.823,18.287
1443,12.956,13.919,15.264,16.824,18.288
1444,12.955,13.919,15.263,16.824,18.288
1445,12.955,13.918,15.263,16.824,18.289
1446,12.954,13.918,15.263,16.824,18.289
1447,12.954,13.917,15.263,16.824,18.29
1448,12.953,13.917,15.263,16.824,18.29
1449,12.953,13.917,15.262,16.824,18.291
1450,12.952,13.916,15.262,16.824,18.291
1451,12.951,13.916,15.262,16.825,18.292
1452,12.951,13.915,15.262,16.825,18.292
1453,12.95,13.915,15.262,16.825,18.293
1454,12.95,13.914,15.262,16.825,18.293
1455,12.949,13.914,15.261,16.825,18.294
1456,12.948,13.913,15.261,16.825,18.294
1457,12.948,13.913,15.261,16.826,18.295
1458,12.947,13.913,15.261,16.826,18.296
1459,12.947,13.912,15.261,16.826,18.296
1460,12.946,13.912,15.26,16.826,18.297
1461,12.946,13.911,15.26,16.826,18.297
1462,12.945,13.911,15.26,16.826,18.297
1463,12.944,13.911,15.26,16.826,18.298
1464,12.944,13.91,15.26,16.827,18.298
1465,12.943,13.91,15.26,16.827,18.299
1466,12.943,13.909,15.259,16.827,18.3
1467,12.942,13.909,15.259,16.827,18.3
1468,12.942,13.908,15.259,16.827,18.301
1469,12.941,13.908,15.259,16.828,18.301
1470,12.94,13.908,15.259,16.828,18.302
1471,12.94,13.907,15.259,16.828,18.303
1472,12.939,13.907,15.258,16.828,18.303
1473,12.939,13.906,15.258,16.828,18.304
1474,12.938,13.906,15.258,16.829,18.304
1475,12.937,13.905,15.258,16.829,18.305
1476,12.937,13.905,15.258,16.829,18.305
1477,12.936,13.905,15.258,16.829,18.306
1478,12.936,13.904,15.258,16.829,18.306
1479,12.935,13.904,15.257,16.829,18.307
1480,12.935,13.904,15.257,16.83,18.307
1481,12.934,13.903,15.257,16.83,18.308
1482,12.934,13.903,15.257,16.83,18.308
1483,12.933,13.902,15.257,16.83,18.309
1484,12.933,13.902,15.257,16.83,18.31
1485,12.932,13.902,15.257,16.831,18.31
1486,12.931,13.901,15.256,16.831,18.311
1487,12.931,13.901,15.256,16.831,18.311
1488,12.93,13.9,15.256,16.831,18.312
1489,12.93,13.9,15.256,16.831,18.313
1490,12.929,13.9,15.256,16.832,18.313
1491,12.929,13.899,15.256,16.832,18.314
1492,12.928,13.899,15.256,16.832,18.314
1493,12.928,13.898,15.255,16.832,18.315
1494,12.927,13.898,15.255,16.832,18.315
1495,12.927,13.898,15.255,16.833,18.316
1496,12.926,13.897,15.255,16.833,18.317
1497,12.926,13.897,15.255,16.833,18.317
1498,12.925,13.897,15.255,16.833,18.318
1499,12.925,13.896,15.255,16.834,18.318
1500,12.924,13.896,15.255,16.834,18.319
1501,12.923,13.895,15.254,16.834,18.32
1502,12.923,13.895,15.254,16.834,18.32
1503,12.922,13.895,15.254,16.835,18.321
1504,12.922,13.894,15.254,16.835,18.322
1505,12.921,13.894,15.254,16.835,18.322
1506,12.921,13.893,15.254,16.835,18.323
1507,12.92,13.893,15.254,16.836,18.323
1508,12.92,13.893,15.254,16.836,18.324
1509,12.919,13.892,15.254,16.836,18.325
1510,12.919,13.892,15.253,16.836,18.325
1511,12.918,13.892,15.253,16.836,18.326
1512,12.918,13.891,15.253,16.837,18.326
1513,12.917,13.891,15.253,16.837,18.327
1514,12.917,13.891,15.253,16.837,18.327
1515,12.916,13.89,15.253,16.837,18.328
1516,12.916,13.89,15.253,16.838,18.329
1517,12.915,13.89,15.253,16.838,18.329
1518,12.915,13.889,15.253,16.838,18.33
1519,12.914,13.889,15.253,16.838,18.331
1520,12.914,13.889,15.253,16.839,18.331
1521,12.913,13.888,15.252,16.839,18.332
1522,12.913,13.888,15.252,16.839,18.333
1523,12.912,13.888,15.252,16.84,18.333
1524,12.911,13.887,15.252,16.84,18.334
1525,12.911,13.887,15.252,16.84,18.334
1526,12.911,13.887,15.252,16.84,18.335
1527,12.91,13.886,15.252,16.841,18.336
1528,12.91,13.886,15.252,16.841,18.336
1529,12.909,13.886,15.252,16.841,18.337
1530,12.909,13.885,15.252,16.841,18.338
1531,12.908,13.885,15.252,16.842,18.338
1532,12.908,13.885,15.252,16.842,18.339
1533,12.907,13.884,15.251,16.842,18.34
1534,12.907,13.884,15.251,16.842,18.34
1535,12.906,13.884,15.251,16.843,18.341
1536,12.906,13.883,15.251,16.843,18.342
1537,12.905,13.883,15.251,16.843,18.342
1538,12.905,13.883,15.251,16.844,18.343
1539,12.904,13.882,15.251,16.844,18.344
1540,12.904,13.882,15.251,16.844,18.344
1541,12.903,13.882,15.251,16.844,18.345
1542,12.903,13.881,15.251,16.845,18.346
1543,12.902,13.881,15.251,16.845,18.346
1544,12.902,13.881,15.251,16.845,18.347
1545,12.901,13.88,15.251,16.846,18.348
1546,12.901,13.88,15.251,16.846,18.348
1547,12.9,13.88,15.251,16.846,18.349
1548,12.9,13.879,15.251,16.847,18.35
1549,12.9,13.879,15.251,16.847,18.351
1550,12.899,13.879,15.25,16.847,18.351
1551,12.899,13.879,15.25,16.848,18.352
1552,12.898,13.878,15.25,16.848,18.353
1553,12.898,13.878,15.25,16.848,18.353
1554,12.897,13.878,15.25,16.848,18.354
1555,12.897,13.877,15.25,16.849,18.354
1556,12.896,13.877,15.25,16.849,18.355
1557,12.896,13.877,15.25,16.849,18.356
1558,12.895,13.876,15.25,16.85,18.357
1559,12.895,13.876,15.25,16.85,18.357
1560,12.894,13.876,15.25,16.85,18.358
1561,12.894,13.876,15.25,16.851,18.359
1562,12.894,13.875,15.25,16.851,18.36
1563,12.893,13.875,15.25,16.851,18.36
1564,12.893,13.875,15.25,16.852,18.361
1565,12.892,13.875,15.25,16.852,18.361
1566,12.892,13.874,15.25,16.852,18.362
1567,12.891,13.874,15.25,16.852,18.363
1568,12.891,13.874,15.25,16.853,18.364
1569,12.891,13.873,15.25,16.853,18.364
1570,12.89,13.873,15.25,16.854,18.365
1571,12.89,13.873,15.25,16.854,18.366
1572,12.889,13.872,15.25,16.854,18.366
1573,12.889,13.872,15.25,16.855,18.367
1574,12.888,13.872,15.25,16.855,18.368
1575,12.888,13.872,15.25,16.855,18.368
1576,12.888,13.871,15.25,16.855,18.369
1577,12.887,13.871,15.25,16.856,18.37
1578,12.887,13.871,15.25,16.856,18.371
1579,12.886,13.871,15.25,16.857,18.371
1580,12.886,13.87,15.25,16.857,18.372
1581,12.885,13.87,15.25,16.857,18.373
1582,12.885,13.87,15.25,16.858,18.374
1583,12.884,13.869,15.25,16.858,18.374
1584,12.884,13.869,15.25,16.858,18.375
1585,12.884,13.869,15.25,16.859,18.376
1586,12.883,13.869,15.25,16.859,18.376
1587,12.883,13.869,15.25,16.859,18.377
1588,12.883,13.868,15.25,16.86,18.378
1589,12.882,13.868,15.25,16.86,18.379
1590,12.882,13.868,15.25,16.86,18.38
1591,12.881,13.868,15.25,16.861,18.38
1592,12.881,13.867,15.25,16.861,18.381
1593,12.881,13.867,15.25,16.861,18.381
1594,12.88,13.867,15.25,16.862,18.382
1595,12.88,13.867,15.25,16.862,18.383
1596,12.879,13.866,15.25,16.863,18.384
1597,12.879,13.866,15.25,16.863,18.385
1598,12.878,13.866,15.25,16.863,18.385
1599,12.878,13.866,15.25,16.864,18.386
1600,12.878,13.865,15.25,16.864,18.387
1601,12.877,13.865,15.25,16.864,18.387
1602,12.877,13.865,15.25,16.865,18.388
1603,12.877,13.865,15.25,16.865,18.389
1604,12.876,13.864,15.25,16.866,18.39
1605,12.876,13.864,15.25,16.866,18.391
1606,12.875,13.864,15.25,16.866,18.391
1607,12.875,13.864,15.25,16.867,18.392
1608,12.875,13.864,15.25,16.867,18.393
1609,12.874,13.863,15.25,16.867,18.393
1610,12.874,13.863,15.25,16.868,18.394
1611,12.873,13.863,15.25,16.868,18.395
1612,12.873,13.863,15.25,16.869,18.396
1613,12.873,13.862,15.25,16.869,18.397
1614,12.872,13.862,15.25,16.869,18.397
1615,12.872,13.862,15.25,16.87,18.398
1616,12.872,13.862,15.25,16.87,18.399
1617,12.871,13.862,15.25,16.871,18.4
1618,12.871,13.861,15.25,16.871,18.4
1619,12.87,13.861,15.251,16.871,18.401
1620,12.87,13.861,15.251,16.872,18.402
1621,12.87,13.861,15.251,16.872,18.402
1622,12.869,13.861,15.251,16.872,18.403
1623,12.869,13.86,15.251,16.873,18.404
1624,12.869,13.86,15.251,16.873,18.405
1625,12.868,13.86,15.251,16.873,18.405
1626,12.868,13.86,15.251,16.874,18.406
1627,12.868,13.86,15.251,16.874,18.407
1628,12.867,13.859,15.251,16.875,18.408
1629,12.867,13.859,15.251,16.875,18.409
1630,12.866,13.859,15.251,16.876,18.41
1631,12.866,13.859,15.251,16.876,18.41
1632,12.866,13.859,15.251,16.876,18.411
1633,12.866,13.858,15.251,16.877,18.412
1634,12.865,13.858,15.251,16.877,18.413
1635,12.865,13.858,15.251,16.878,18.413
1636,12.865,13.858,15.251,16.878,18.414
1637,12.864,13.858,15.251,16.878,18.415
1638,12.864,13.857,15.252,16.879,18.416
1639,12.863,13.857,15.252,16.879,18.416
1640,12.863,13.857,15.252,16.879,18.417
1641,12.863,13.857,15.252,16.88,18.418
1642,12.862,13.857,15.252,16.88,18.419
1643,12.862,13.857,15.252,16.881,18.419
1644,12.862,13.856,15.252,16.881,18.42
1645,12.862,13.856,15.252,16.881,18.421
1646,12.861,13.856,15.252,16.882,18.422
1647,12.861,13.856,15.252,16.882,18.422
1648,12.86,13.856,15.252,16.883,18.423
1649,12.86,13.856,15.252,16.883,18.424
1650,12.86,13.855,15.252,16.884,18.425
1651,12.86,13.855,15.252,16.884,18.426
1652,12.859,13.855,15.253,16.885,18.426
1653,12.859,13.855,15.253,16.885,18.427
1654,12.859,13.855,15.253,16.885,18.428
1655,12.858,13.854,15.253,16.886,18.429
1656,12.858,13.854,15.253,16.886,18.429
1657,12.858,13.854,15.253,16.886,18.43
1658,12.857,13.854,15.253,16.887,18.431
1659,12.857,13.854,15.253,16.887,18.432
1660,12.857,13.854,15.253,16.888,18.433
1661,12.856,13.854,15.253,16.888,18.433
1662,12.856,13.853,15.253,16.889,18.434
1663,12.856,13.853,15.253,16.889,18.435
1664,12.856,13.853,15.253,16.889,18.435
1665,12.855,13.853,15.254,16.89,18.436
1666,12.855,13.853,15.254,16.89,18.437
1667,12.854,13.853,15.254,16.891,18.438
1668,12.854,13.852,15.254,16.891,18.438
1669,12.854,13.852,15.254,16.891,18.439
1670,12.854,13.852,15.254,16.892,18.44
1671,12.854,13.852,15.254,16.892,18.441
1672,12.853,13.852,15.254,16.893,18.442
1673,12.853,13.852,15.254,16.893,18.442
1674,12.853,13.852,15.254,16.893,18.443
1675,12.852,13.851,15.254,16.894,18.444
1676,12.852,13.851,15.255,16.894,18.445
1677,12.852,13.851,15.255,16.895,18.446
1678,12.851,13.851,15.255,16.895,18.446
1679,12.851,13.851,15.255,16.896,18.447
1680,12.851,13.851,15.255,16.896,18.448
1681,12.851,13.851,15.255,16.896,18.448
1682,12.85,13.85,15.255,16.897,18.449
1683,12.85,13.85,15.255,16.897,18.45
1684,12.85,13.85,15.255,16.898,18.451
1685,12.849,13.85,15.255,16.898,18.452
1686,12.849,13.85,15.256,16.899,18.452
1687,12.849,13.85,15.256,16.899,18.453
1688,12.848,13.85,15.256,16.899,18.454
1689,12.848,13.849,15.256,16.9,18.455
1690,12.848,13.849,15.256,16.9,18.455
1691,12.848,13.849,15.256,16.901,18.456
1692,12.848,13.849,15.256,16.901,18.457
1693,12.847,13.849,15.256,16.902,18.458
1694,12.847,13.849,15.256,16.902,18.459
1695,12.847,13.849,15.257,16.902,18.459
1696,12.846,13.849,15.257,16.903,18.46
1697,12.846,13.848,15.257,16.903,18.461
1698,12.846,13.848,15.257,16.904,18.461
1699,12.846,13.848,15.257,16.904,18.462
1700,12.845,13.848,15.257,16.904,18.463
1701,12.845,13.848,15.257,16.905,18.464
1702,12.845,13.848,15.257,16.905,18.465
1703,12.845,13.848,15.257,16.906,18.465
1704,12.844,13.848,15.258,16.906,18.466
1705,12.844,13.848,15.258,16.906,18.467
1706,12.844,13.847,15.258,16.907,18.467
1707,12.843,13.847,15.258,16.907,18.468
1708,12.843,13.847,15.258,16.908,18.469
1709,12.843,13.847,15.258,16.908,18.47
1710,12.843,13.847,15.258,16.909,18.47
1711,12.843,13.847,15.258,16.909,18.471
1712,12.842,13.847,15.258,16.91,18.472
1713,12.842,13.847,15.259,16.91,18.473
1714,12.842,13.847,15.259,16.91,18.474
1715,12.842,13.846,15.259,16.911,18.474
1716,12.841,13.846,15.259,16.911,18.475
1717,12.841,13.846,15.259,16.912,18.476
1718,12.841,13.846,15.259,16.912,18.477
1719,12.84,13.846,15.259,16.913,18.477
1720,12.84,13.846,15.259,16.913,18.478
1721,12.84,13.846,15.26,16.913,18.479
1722,12.84,13.846,15.26,16.914,18.479
1723,12.84,13.846,15.26,16.914,18.48
1724,12.839,13.846,15.26,16.914,18.481
1725,12.839,13.845,15.26,16.915,18.482
1726,12.839,13.845,15.26,16.915,18.482
1727,12.839,13.845,15.26,16.916,18.483
1728,12.839,13.845,15.26,16.916,18.484
1729,12.838,13.845,15.26,16.917,18.485
1730,12.838,13.845,15.261,16.917,18.485
1731,12.838,13.845,15.261,16.918,18.486
1732,12.838,13.845,15.261,16.918,18.487
1733,12.837,13.845,15.261,16.918,18.488
1734,12.837,13.845,15.261,16.919,18.488
1735,12.837,13.845,15.261,16.919,18.489
1736,12.837,13.844,15.261,16.92,18.49
1737,12.837,13.844,15.262,16.92,18.491
1738,12.836,13.844,15.262,16.92,18.491
1739,12.836,13.844,15.262,16.921,18.492
1740,12.836,13.844,15.262,16.921,18.493
1741,12.836,13.844,15.262,16.922,18.494
1742,12.835,13.844,15.262,16.922,18.494
1743,12.835,13.844,15.262,16.923,18.495
1744,12.835,13.844,15.262,16.923,18.496
1745,12.835,13.844,15.263,16.923,18.497
1746,12.835,13.844,15.263,16.924,18.497
1747,12.834,13.844,15.263,16.924,18.498
1748,12.834,13.843,15.263,16.925,18.499
1749,12.834,13.843,15.263,16.925,18.499
1750,12.834,13.843,15.263,16.926,18.5
1751,12.834,13.843,15.263,16.926,18.501
1752,12.833,13.843,15.264,16.926,18.502
1753,12.833,13.843,15.264,16.927,18.502
1754,12.833,13.843,15.264,16.927,18.503
1755,12.833,13.843,15.264,16.928,18.504
1756,12.832,13.843,15.264,16.928,18.505
1757,12.832,13.843,15.264,16.928,18.505
1758,12.832,13.843,15.264,16.929,18.506
1759,12.832,13.843,15.264,16.929,18.507
1760,12.832,13.843,15.265,16.93,18.507
1761,12.832,13.843,15.265,16.93,18.508
1762,12.831,13.843,15.265,16.93,18.509
1763,12.831,13.842,15.265,16.931,18.51
1764,12.831,13.842,15.265,16.931,18.51
1765,12.831,13.842,15.265,16.932,18.511
1766,12.831,13.842,15.265,16.932,18.512
1767,12.83,13.842,15.266,16.933,18.512
1768,12.83,13.842,15.266,16.933,18.513
1769,12.83,13.842,15.266,16.933,18.514
1770,12.83,13.842,15.266,16.934,18.514
1771,12.83,13.842,15.266,16.934,18.515
1772,12.83,13.842,15.266,16.935,18.516
1773,12.829,13.842,15.266,16.935,18.517
1774,12.829,13.842,15.267,16.936,18.517
1775,12.829,13.842,15.267,16.936,18.518
1776,12.829,13.842,15.267,16.936,18.519
1777,12.829,13.842,15.267,16.937,18.519
1778,12.829,13.842,15.267,16.937,18.52
1779,12.828,13.842,15.267,16.938,18.521
1780,12.828,13.841,15.267,16.938,18.522
1781,12.828,13.842,15.268,16.938,18.522
1782,12.828,13.841,15.268,16.939,18.523
1783,12.828,13.841,15.268,16.939,18.524
1784,12.828,13.841,15.268,16.94,18.524
1785,12.827,13.841,15.268,16.94,18.525
1786,12.827,13.841,15.268,16.94,18.526
1787,12.827,13.841,15.269,16.941,18.527
1788,12.827,13.841,15.269,16.941,18.527
1789,12.827,13.841,15.269,16.942,18.528
1790,12.826,13.841,15.269,16.942,18.529
1791,12.826,13.841,15.269,16.943,18.529
1792,12.826,13.841,15.269,16.943,18.53
1793,12.826,13.841,15.269,16.943,18.531
1794,12.826,13.841,15.27,16.944,18.531
1795,12.826,13.841,15.27,16.944,18.532
1796,12.826,13.841,15.27,16.945,18.533
1797,12.825,13.841,15.27,16.945,18.534
1798,12.825,13.841,15.27,16.946,18.534
1799,12.825,13.841,15.27,16.946,18.535
1800,12.825,13.841,15.271,16.946,18.536
1801,12.825,13.841,15.271,16.947,18.536
1802,12.825,13.841,15.271,16.947,18.537
1803,12.824,13.84,15.271,16.948,18.538
1804,12.824,13.84,15.271,16.948,18.538
1805,12.824,13.841,15.271,16.948,18.539
1806,12.824,13.84,15.271,16.949,18.54
1807,12.824,13.84,15.272,16.949,18.541
1808,12.824,13.84,15.272,16.95,18.541
1809,12.824,13.84,15.272,16.95,18.542
1810,12.823,13.84,15.272,16.951,18.543
1811,12.823,13.84,15.272,16.951,18.543
1812,12.823,13.84,15.272,16.951,18.544
1813,12.823,13.84,15.273,16.952,18.544
1814,12.823,13.84,15.273,16.952,18.545
1815,12.823,13.84,15.273,16.953,18.546
1816,12.823,13.84,15.273,16.953,18.547
1817,12.823,13.84,15.273,16.953,18.547
1818,12.822,13.84,15.273,16.954,18.548
1819,12.822,13.84,15.274,16.954,18.549
1820,12.822,13.84,15.274,16.955,18.549
1821,12.822,13.84,15.274,16.955,18.55
1822,12.822,13.84,15.274,16.956,18.551
1823,12.822,13.84,15.274,16.956,18.552
1824,12.821,13.84,15.274,16.956,18.552
1825,12.821,13.84,15.275,16.957,18.553
1826,12.821,13.84,15.275,16.957,18.554
1827,12.821,13.84,15.275,16.958,18.554
1828,12.821,13.84,15.275,16.958,18.555
1829,12.821,13.84,15.275,16.958,18.556
1830,12.821,13.84,15.275,16.959,18.556
1831,12.821,13.84,15.276,16.959,18.557
1832,12.82,13.84,15.276,16.96,18.558
1833,12.82,13.84,15.276,16.96,18.558
1834,12.82,13.84,15.276,16.961,18.559
1835,12.82,13.84,15.276,16.961,18.56
1836,12.82,13.84,15.276,16.961,18.56
1837,12.82,13.84,15.277,16.962,18.561
1838,12.82,13.84,15.277,16.962,18.562
1839,12.819,13.84,15.277,16.963,18.563
1840,12.819,13.84,15.277,16.963,18.563
1841,12.819,13.84,15.277,16.963,18.564
1842,12.819,13.84,15.277,16.964,18.564
1843,12.819,13.84,15.278,16.964,18.565
1844,12.819,13.84,15.278,16.965,18.566
1845,12.819,13.84,15.278,16.965,18.567
1846,12.819,13.84,15.278,16.965,18.567
1847,12.819,13.84,15.278,16.966,18.568
1848,12.818,13.84,15.278,16.966,18.569
1849,12.818,13.84,15.279,16.967,18.569
1850,12.818,13.84,15.279,16.967,18.57
1851,12.818,13.84,15.279,16.968,18.571
1852,12.818,13.84,15.279,16.968,18.571
1853,12.818,13.84,15.279,16.968,18.572
1854,12.818,13.84,15.279,16.969,18.573
1855,12.818,13.84,15.28,16.969,18.573
1856,12.818,13.84,15.28,16.97,18.574
62,12.868,13.84,15.243,16.945,18.624
63,12.861,13.835,15.243,16.956,18.65
64,12.855,13.831,15.244,16.967,18.677
65,12.85,13.827,15.245,16.979,18.705
66,12.845,13.824,15.246,16.991,18.734
67,12.841,13.821,15.249,17.005,18.764
68,12.837,13.819,15.252,17.019,18.795
69,12.834,13.817,15.255,17.034,18.827
70,12.831,13.816,15.259,17.049,18.86
71,12.829,13.816,15.264,17.065,18.894
72,12.828,13.816,15.27,17.083,18.929
73,12.827,13.817,15.276,17.101,18.966
74,12.826,13.818,15.283,17.12,19.003
75,12.827,13.821,15.291,17.14,19.042
76,12.828,13.824,15.3,17.161,19.081
77,12.83,13.828,15.31,17.183,19.123
78,12.832,13.832,15.32,17.206,19.165
79,12.836,13.838,15.331,17.23,19.209
80,12.84,13.844,15.344,17.255,19.254
81,12.845,13.851,15.357,17.281,19.3
82,12.851,13.86,15.372,17.309,19.348
83,12.857,13.869,15.387,17.337,19.397
84,12.865,13.879,15.404,17.367,19.448
85,12.873,13.89,15.421,17.398,19.501
86,12.882,13.902,15.44,17.43,19.554
87,12.892,13.914,15.459,17.464,19.609
88,12.903,13.928,15.48,17.499,19.666
89,12.915,13.943,15.501,17.534,19.723
90,12.927,13.958,15.524,17.571,19.783
91,12.94,13.974,15.548,17.609,19.843
92,12.954,13.992,15.572,17.648,19.905
93,12.969,14.01,15.598,17.689,19.969
94,12.984,14.029,15.625,17.73,20.034
95,13.001,14.049,15.652,17.773,20.1
96,13.018,14.07,15.681,17.817,20.167
97,13.036,14.091,15.711,17.862,20.235
98,13.055,14.114,15.742,17.908,20.305
99,13.075,14.137,15.773,17.955,20.376
100,13.095,14.162,15.806,18.004,20.449
101,13.116,14.187,15.839,18.053,20.522
102,13.137,14.213,15.874,18.103,20.597
103,13.159,14.239,15.909,18.154,20.672
104,13.182,14.266,15.945,18.206,20.748
105,13.206,14.294,15.982,18.259,20.826
106,13.23,14.323,16.019,18.313,20.904
107,13.254,14.352,16.058,18.367,20.983
108,13.279,14.382,16.096,18.422,21.062
109,13.305,14.412,16.136,18.478,21.142
110,13.331,14.443,16.176,18.535,21.223
111,13.357,14.474,16.217,18.592,21.304
112,13.384,14.506,16.258,18.65,21.386
113,13.411,14.538,16.3,18.708,21.468
114,13.439,14.571,16.343,18.767,21.551
115,13.467,14.605,16.386,18.827,21.635
116,13.496,14.639,16.43,18.887,21.719
117,13.525,14.674,16.475,18.949,21.804
118,13.555,14.709,16.52,19.011,21.889
119,13.585,14.745,16.566,19.074,21.976
120,13.616,14.782,16.613,19.137,22.063
121,13.648,14.819,16.661,19.202,22.151
122,13.681,14.858,16.71,19.267,22.239
123,13.714,14.897,16.76,19.334,22.328
124,13.747,14.937,16.81,19.401,22.418
125,13.782,14.977,16.861,19.469,22.509
126,13.817,15.019,16.914,19.538,22.601
127,13.852,15.061,16.967,19.608,22.693
128,13.889,15.104,17.021,19.679,22.786
129,13.926,15.147,17.076,19.751,22.88
130,13.964,15.192,17.132,19.824,22.975
131,14.002,15.237,17.188,19.898,23.07
132,14.041,15.283,17.246,19.973,23.167
133,14.081,15.33,17.304,20.048,23.264
134,14.122,15.378,17.364,20.125,23.361
135,14.163,15.426,17.424,20.202,23.459
136,14.205,15.475,17.485,20.28,23.558
137,14.247,15.525,17.546,20.359,23.658
138,14.29,15.575,17.609,20.439,23.758
139,14.333,15.626,17.672,20.519,23.858
140,14.377,15.678,17.736,20.6,23.959
141,14.422,15.73,17.8,20.682,24.061
142,14.467,15.782,17.865,20.764,24.162
143,14.512,15.836,17.931,20.846,24.264
144,14.558,15.889,17.997,20.929,24.366
145,14.604,15.943,18.063,21.013,24.469
146,14.65,15.997,18.13,21.096,24.571
147,14.696,16.052,18.197,21.18,24.673
148,14.743,16.106,18.264,21.264,24.775
149,14.79,16.161,18.331,21.348,24.876
150,14.836,16.216,18.399,21.432,24.978
151,14.883,16.271,18.466,21.516,25.079
152,14.93,16.325,18.533,21.6,25.179
153,14.976,16.38,18.601,21.683,25.279
154,15.023,16.435,18.668,21.766,25.378
155,15.069,16.489,18.735,21.849,25.477
156,15.115,16.544,18.801,21.931,25.574
157,15.161,16.598,18.868,22.013,25.671
158,15.207,16.651,18.934,22.094,25.767
159,15.252,16.705,18.999,22.175,25.862
160,15.297,16.758,19.064,22.255,25.956
161,15.341,16.81,19.129,22.335,26.05
162,15.386,16.862,19.193,22.413,26.141
163,15.429,16.914,19.257,22.491,26.232
164,15.472,16.965,19.32,22.569,26.322
165,15.515,17.016,19.382,22.645,26.41
166,15.557,17.066,19.444,22.72,26.497
167,15.599,17.115,19.504,22.795,26.583
168,15.64,17.164,19.565,22.868,26.667
169,15.68,17.212,19.624,22.94,26.75
170,15.72,17.259,19.682,23.012,26.832
171,15.759,17.306,19.74,23.082,26.912
172,15.797,17.352,19.797,23.151,26.991
173,15.834,17.397,19.852,23.219,27.067
174,15.871,17.441,19.907,23.285,27.143
175,15.907,17.484,19.961,23.35,27.217
176,15.942,17.527,20.013,23.414,27.288
177,15.976,17.568,20.065,23.477,27.359
178,16.01,17.609,20.115,23.538,27.427
179,16.042,17.648,20.164,23.598,27.494
180,16.074,17.687,20.212,23.656,27.559
181,16.105,17.724,20.26,23.713,27.623
182,16.135,17.761,20.305,23.768,27.684
183,16.164,17.796,20.35,23.822,27.744
184,16.192,17.831,20.393,23.875,27.802
185,16.219,17.864,20.436,23.926,27.858
186,16.245,17.897,20.477,23.976,27.913
187,16.27,17.928,20.517,24.025,27.966
188,16.295,17.959,20.556,24.072,28.017
189,16.319,17.989,20.594,24.117,28.066
190,16.342,18.018,20.631,24.162,28.114
191,16.363,18.045,20.666,24.205,28.16
192,16.384,18.072,20.701,24.247,28.205
193,16.405,18.098,20.734,24.287,28.248
194,16.424,18.123,20.767,24.326,28.289
195,16.443,18.148,20.798,24.364,28.329
196,16.461,18.171,20.829,24.4,28.367
197,16.478,18.193,20.858,24.436,28.404
198,16.494,18.215,20.886,24.47,28.439
199,16.509,18.235,20.914,24.503,28.473
200,16.524,18.255,20.94,24.535,28.505
201,16.538,18.274,20.966,24.565,28.536
202,16.551,18.292,20.99,24.595,28.566
203,16.564,18.31,21.014,24.623,28.594
204,16.576,18.327,21.037,24.651,28.62
205,16.587,18.343,21.059,24.677,28.646
206,16.597,18.358,21.08,24.703,28.672
207,16.607,18.373,21.101,24.727,28.695
208,16.617,18.388,21.121,24.751,28.717
209,16.626,18.401,21.14,24.774,28.739
210,16.635,18.414,21.159,24.796,28.76
211,16.643,18.427,21.177,24.818,28.78
212,16.65,18.439,21.194,24.839,28.799
213,16.658,18.451,21.212,24.859,28.817
214,16.665,18.463,21.228,24.879,28.835
215,16.671,18.474,21.244,24.898,28.852
216,16.678,18.485,21.26,24.917,28.868
217,16.683,18.495,21.276,24.936,28.884
218,16.689,18.505,21.291,24.953,28.899
219,16.694,18.515,21.306,24.971,28.915
220,16.7,18.524,21.32,24.988,28.929
221,16.705,18.534,21.334,25.004,28.942
222,16.709,18.543,21.348,25.021,28.956
223,16.714,18.552,21.362,25.037,28.969
224,16.718,18.56,21.375,25.053,28.982
225,16.722,18.569,21.388,25.068,28.995
226,16.726,18.577,21.401,25.084,29.007
227,16.73,18.585,21.414,25.099,29.019
228,16.734,18.593,21.427,25.113,29.03
