45,2.087,2.245,2.461,2.707,2.933
45.1,2.102,2.26,2.478,2.725,2.953
45.2,2.116,2.276,2.495,2.744,2.974
45.3,2.131,2.291,2.512,2.763,2.994
45.4,2.145,2.307,2.529,2.782,3.014
45.5,2.159,2.322,2.546,2.8,3.035
45.6,2.174,2.337,2.563,2.819,3.055
45.7,2.188,2.353,2.58,2.838,3.075
45.8,2.203,2.368,2.597,2.857,3.096
45.9,2.217,2.384,2.614,2.875,3.116
46,2.231,2.399,2.631,2.894,3.136
46.1,2.246,2.415,2.648,2.913,3.156
46.2,2.26,2.43,2.665,2.931,3.177
46.3,2.274,2.446,2.682,2.95,3.197
46.4,2.289,2.461,2.699,2.969,3.217
46.5,2.303,2.477,2.716,2.987,3.237
46.6,2.318,2.492,2.733,3.006,3.258
46.7,2.332,2.508,2.75,3.025,3.278
46.8,2.346,2.523,2.767,3.044,3.299
46.9,2.361,2.539,2.784,3.063,3.319
47,2.375,2.554,2.801,3.081,3.339
47.1,2.39,2.57,2.818,3.1,3.36
47.2,2.404,2.586,2.835,3.119,3.38
47.3,2.419,2.601,2.852,3.138,3.401
47.4,2.433,2.617,2.869,3.157,3.421
47.5,2.448,2.633,2.887,3.176,3.442
47.6,2.463,2.648,2.904,3.195,3.463
47.7,2.477,2.664,2.922,3.214,3.484
47.8,2.492,2.68,2.939,3.234,3.505
47.9,2.507,2.696,2.957,3.253,3.526
48,2.522,2.712,2.974,3.272,3.547
48.1,2.537,2.728,2.992,3.292,3.568
48.2,2.552,2.745,3.01,3.311,3.589
48.3,2.567,2.761,3.028,3.331,3.61
48.4,2.582,2.777,3.046,3.351,3.632
48.5,2.598,2.794,3.064,3.371,3.654
48.6,2.613,2.81,3.082,3.391,3.675
48.7,2.629,2.827,3.1,3.411,3.697
48.8,2.644,2.844,3.119,3.431,3.719
48.9,2.66,2.861,3.137,3.452,3.742
49,2.676,2.878,3.156,3.473,3.764
49.1,2.692,2.895,3.175,3.494,3.787
49.2,2.708,2.912,3.194,3.514,3.809
49.3,2.724,2.93,3.213,3.536,3.832
49.4,2.74,2.948,3.233,3.557,3.856
49.5,2.757,2.965,3.252,3.579,3.879
49.6,2.774,2.983,3.272,3.6,3.903
49.7,2.79,3.001,3.292,3.622,3.926
49.8,2.807,3.019,3.311,3.644,3.95
49.9,2.824,3.038,3.332,3.666,3.974
50,2.841,3.056,3.352,3.688,3.998
50.1,2.859,3.075,3.372,3.711,4.023
50.2,2.876,3.094,3.393,3.734,4.047
50.3,2.894,3.112,3.414,3.757,4.072
50.4,2.911,3.132,3.435,3.78,4.097
50.5,2.929,3.151,3.456,3.803,4.123
50.6,2.947,3.17,3.477,3.826,4.148
50.7,2.965,3.19,3.498,3.85,4.174
50.8,2.984,3.209,3.52,3.874,4.199
50.9,3.002,3.229,3.542,3.898,4.225
51,3.021,3.249,3.564,3.922,4.252
51.1,3.039,3.269,3.586,3.946,4.278
51.2,3.058,3.289,3.608,3.971,4.305
51.3,3.077,3.31,3.63,3.995,4.331
51.4,3.096,3.33,3.653,4.02,4.358
51.5,3.115,3.351,3.675,4.045,4.385
51.6,3.134,3.372,3.698,4.07,4.413
51.7,3.154,3.393,3.721,4.096,4.44
51.8,3.173,3.414,3.744,4.121,4.468
51.9,3.193,3.435,3.768,4.147,4.496
52,3.213,3.456,3.791,4.173,4.524
52.1,3.233,3.478,3.815,4.199,4.552
52.2,3.253,3.499,3.839,4.225,4.581
52.3,3.273,3.521,3.862,4.251,4.609
52.4,3.293,3.543,3.886,4.278,4.638
52.5,3.314,3.565,3.911,4.304,4.667
52.6,3.334,3.587,3.935,4.331,4.696
52.7,3.355,3.609,3.959,4.358,4.725
52.8,3.376,3.631,3.984,4.385,4.754
52.9,3.396,3.654,4.008,4.412,4.784
53,3.418,3.677,4.033,4.44,4.814
53.1,3.439,3.699,4.058,4.467,4.843
53.2,3.46,3.722,4.083,4.495,4.873
53.3,3.481,3.745,4.108,4.522,4.904
53.4,3.502,3.768,4.134,4.55,4.934
53.5,3.524,3.791,4.159,4.578,4.964
53.6,3.545,3.814,4.185,4.606,4.995
53.7,3.567,3.838,4.21,4.635,5.025
53.8,3.589,3.861,4.236,4.663,5.056
53.9,3.611,3.885,4.262,4.691,5.087
54,3.632,3.908,4.288,4.72,5.118
54.1,3.654,3.932,4.314,4.749,5.149
54.2,3.676,3.955,4.34,4.777,5.18
54.3,3.698,3.979,4.366,4.806,5.211
54.4,3.72,4.003,4.392,4.835,5.243
54.5,3.743,4.027,4.418,4.864,5.274
54.6,3.765,4.051,4.444,4.893,5.306
54.7,3.787,4.075,4.471,4.922,5.337
54.8,3.809,4.099,4.497,4.951,5.369
54.9,3.832,4.123,4.523,4.98,5.4
55,3.854,4.147,4.55,5.009,5.432
55.1,3.876,4.171,4.576,5.038,5.464
55.2,3.899,4.195,4.603,5.068,5.496
55.3,3.921,4.219,4.63,5.097,5.527
55.4,3.944,4.244,4.656,5.126,5.559
55.5,3.966,4.268,4.683,5.156,5.591
55.6,3.989,4.292,4.709,5.185,5.623
55.7,4.011,4.316,4.736,5.215,5.655
55.8,4.034,4.341,4.763,5.244,5.687
55.9,4.057,4.365,4.79,5.273,5.719
56,4.079,4.389,4.816,5.303,5.751
56.1,4.102,4.414,4.843,5.332,5.783
56.2,4.124,4.438,4.87,5.362,5.815
56.3,4.147,4.462,4.896,5.391,5.847
56.4,4.17,4.487,4.923,5.421,5.879
56.5,4.192,4.511,4.95,5.45,5.911
56.6,4.215,4.535,4.977,5.48,5.943
56.7,4.237,4.56,5.003,5.509,5.975
56.8,4.26,4.584,5.03,5.539,6.007
56.9,4.283,4.608,5.057,5.568,6.039
57,4.305,4.633,5.084,5.598,6.071
57.1,4.328,4.657,5.11,5.627,6.103
57.2,4.35,4.681,5.137,5.657,6.135
57.3,4.373,4.706,5.164,5.686,6.167
57.4,4.396,4.73,5.191,5.716,6.199
57.5,4.418,4.754,5.217,5.745,6.231
57.6,4.441,4.779,5.244,5.774,6.263
57.7,4.463,4.803,5.271,5.804,6.295
57.8,4.486,4.827,5.297,5.833,6.327
57.9,4.508,4.851,5.324,5.863,6.359
58,4.531,4.876,5.351,5.892,6.391
58.1,4.553,4.9,5.377,5.921,6.423
58.2,4.576,4.924,5.404,5.951,6.454
58.3,4.598,4.948,5.43,5.98,6.486
58.4,4.621,4.972,5.457,6.009,6.518
58.5,4.643,4.997,5.483,6.038,6.55
58.6,4.665,5.021,5.51,6.067,6.581
58.7,4.688,5.045,5.536,6.097,6.613
58.8,4.71,5.069,5.563,6.126,6.644
58.9,4.732,5.093,5.589,6.155,6.676
59,4.754,5.116,5.615,6.184,6.707
59.1,4.777,5.14,5.641,6.212,6.738
59.2,4.799,5.164,5.667,6.241,6.77
59.3,4.821,5.188,5.694,6.27,6.801
59.4,4.843,5.212,5.72,6.299,6.832
59.5,4.865,5.235,5.745,6.327,6.863
59.6,4.887,5.259,5.771,6.356,6.894
59.7,4.908,5.282,5.797,6.384,6.925
59.8,4.93,5.306,5.823,6.412,6.956
59.9,4.952,5.329,5.849,6.441,6.986
60,4.974,5.352,5.874,6.469,7.017
60.1,4.995,5.376,5.9,6.497,7.047
60.2,5.017,5.399,5.925,6.525,7.078
60.3,5.038,5.422,5.951,6.553,7.108
60.4,5.06,5.445,5.976,6.581,7.139
60.5,5.081,5.468,6.001,6.609,7.169
60.6,5.103,5.491,6.027,6.637,7.199
60.7,5.124,5.514,6.052,6.665,7.229
60.8,5.145,5.537,6.077,6.692,7.259
60.9,5.166,5.56,6.102,6.72,7.289
61,5.188,5.583,6.127,6.747,7.319
61.1,5.209,5.605,6.152,6.775,7.349
61.2,5.23,5.628,6.177,6.802,7.378
61.3,5.251,5.651,6.202,6.83,7.408
61.4,5.272,5.673,6.226,6.857,7.438
61.5,5.293,5.696,6.251,6.884,7.467
61.6,5.314,5.718,6.276,6.911,7.497
61.7,5.335,5.741,6.3,6.938,7.526
61.8,5.355,5.763,6.325,6.965,7.555
61.9,5.376,5.786,6.349,6.992,7.584
62,5.397,5.808,6.374,7.019,7.614
62.1,5.417,5.83,6.398,7.046,7.643
62.2,5.438,5.852,6.422,7.073,7.671
62.3,5.459,5.874,6.447,7.099,7.7
62.4,5.479,5.896,6.471,7.126,7.729
62.5,5.499,5.918,6.495,7.152,7.758
62.6,5.52,5.94,6.519,7.179,7.787
62.7,5.54,5.962,6.543,7.205,7.815
62.8,5.561,5.984,6.567,7.231,7.844
62.9,5.581,6.005,6.591,7.258,7.872
63,5.601,6.027,6.614,7.284,7.9
63.1,5.621,6.049,6.638,7.31,7.929
63.2,5.641,6.071,6.662,7.336,7.957
63.3,5.661,6.092,6.686,7.362,7.985
63.4,5.681,6.114,6.709,7.388,8.013
63.5,5.701,6.135,6.733,7.414,8.041
63.6,5.721,6.157,6.756,7.44,8.069
63.7,5.741,6.178,6.78,7.466,8.097
63.8,5.761,6.2,6.803,7.491,8.125
63.9,5.781,6.221,6.827,7.517,8.153
64,5.801,6.242,6.85,7.543,8.181
64.1,5.821,6.264,6.873,7.568,8.209
64.2,5.841,6.285,6.897,7.594,8.236
64.3,5.86,6.306,6.92,7.62,8.264
64.4,5.88,6.327,6.943,7.645,8.292
64.5,5.9,6.348,6.966,7.67,8.319
64.6,5.919,6.369,6.989,7.696,8.347
64.7,5.939,6.391,7.012,7.721,8.374
64.8,5.959,6.412,7.035,7.746,8.401
64.9,5.978,6.432,7.058,7.772,8.429
65,5.997,6.453,7.081,7.797,8.456
65.1,6.017,6.474,7.104,7.822,8.483
65.2,6.036,6.495,7.127,7.847,8.51
65.3,6.056,6.516,7.15,7.872,8.537
65.4,6.075,6.537,7.172,7.897,8.564
65.5,6.094,6.557,7.195,7.922,8.591
65.6,6.114,6.578,7.218,7.947,8.618
65.7,6.133,6.599,7.24,7.971,8.645
65.8,6.152,6.619,7.263,7.996,8.671
65.9,6.171,6.64,7.285,8.021,8.698
66,6.19,6.66,7.308,8.045,8.725
66.1,6.209,6.681,7.33,8.07,8.751
66.2,6.228,6.701,7.352,8.094,8.778
66.3,6.247,6.721,7.375,8.119,8.804
66.4,6.266,6.742,7.397,8.143,8.83
66.5,6.285,6.762,7.419,8.167,8.857
66.6,6.304,6.782,7.441,8.192,8.883
66.7,6.322,6.802,7.463,8.216,8.909
66.8,6.341,6.822,7.485,8.24,8.935
66.9,6.36,6.842,7.507,8.264,8.961
67,6.379,6.863,7.529,8.288,8.987
67.1,6.397,6.883,7.551,8.312,9.013
67.2,6.416,6.902,7.572,8.336,9.039
67.3,6.434,6.922,7.594,8.36,9.065
67.4,6.453,6.942,7.616,8.383,9.09
67.5,6.471,6.962,7.638,8.407,9.116
67.6,6.49,6.982,7.659,8.431,9.141
67.7,6.508,7.001,7.681,8.454,9.167
67.8,6.526,7.021,7.702,8.478,9.192
67.9,6.545,7.041,7.723,8.501,9.217
68,6.563,7.06,7.745,8.525,9.243
68.1,6.581,7.08,7.766,8.548,9.268
68.2,6.599,7.099,7.787,8.571,9.293
68.3,6.617,7.119,7.809,8.595,9.318
68.4,6.635,7.138,7.83,8.618,9.343
68.5,6.653,7.157,7.851,8.641,9.368
68.6,6.671,7.177,7.872,8.664,9.393
68.7,6.689,7.196,7.893,8.687,9.418
68.8,6.707,7.215,7.914,8.71,9.443
68.9,6.725,7.234,7.935,8.733,9.468
69,6.743,7.253,7.956,8.756,9.493
69.1,6.761,7.273,7.977,8.779,9.517
69.2,6.779,7.292,7.998,8.802,9.542
69.3,6.796,7.311,8.018,8.825,9.567
69.4,6.814,7.33,8.039,8.847,9.591
69.5,6.832,7.349,8.06,8.87,9.616
69.6,6.85,7.368,8.081,8.893,9.64
69.7,6.867,7.386,8.101,8.915,9.664
69.8,6.885,7.405,8.122,8.938,9.689
69.9,6.902,7.424,8.142,8.96,9.713
70,6.92,7.443,8.163,8.983,9.738
70.1,6.937,7.462,8.184,9.005,9.762
70.2,6.955,7.481,8.204,9.028,9.786
70.3,6.972,7.499,8.224,9.05,9.81
70.4,6.99,7.518,8.245,9.072,9.834
70.5,7.007,7.537,8.265,9.095,9.858
70.6,7.025,7.555,8.286,9.117,9.882
70.7,7.042,7.574,8.306,9.139,9.906
70.8,7.059,7.593,8.326,9.161,9.93
70.9,7.077,7.611,8.346,9.184,9.954
71,7.094,7.63,8.367,9.206,9.978
71.1,7.111,7.648,8.387,9.228,10.002
71.2,7.129,7.667,8.407,9.25,10.026
71.3,7.146,7.685,8.427,9.272,10.05
71.4,7.163,7.704,8.447,9.294,10.073
71.5,7.18,7.722,8.468,9.316,10.097
71.6,7.198,7.741,8.488,9.338,10.121
71.7,7.215,7.759,8.508,9.36,10.145
71.8,7.232,7.777,8.528,9.382,10.168
71.9,7.249,7.796,8.548,9.404,10.192
72,7.266,7.814,8.568,9.426,10.215
72.1,7.283,7.833,8.588,9.448,10.239
72.2,7.3,7.851,8.608,9.47,10.263
72.3,7.317,7.869,8.628,9.491,10.286
72.4,7.334,7.887,8.648,9.513,10.31
72.5,7.352,7.905,8.667,9.535,10.333
72.6,7.368,7.924,8.687,9.557,10.356
72.7,7.385,7.942,8.707,9.578,10.38
72.8,7.402,7.96,8.727,9.6,10.403
72.9,7.419,7.978,8.746,9.621,10.426
73,7.436,7.996,8.766,9.643,10.449
73.1,7.453,8.014,8.786,9.664,10.472
73.2,7.47,8.032,8.805,9.686,10.495
73.3,7.486,8.05,8.825,9.707,10.518
73.4,7.503,8.068,8.844,9.728,10.541
73.5,7.52,8.086,8.864,9.75,10.564
73.6,7.536,8.103,8.883,9.771,10.587
73.7,7.553,8.121,8.903,9.792,10.61
73.8,7.569,8.139,8.922,9.813,10.633
73.9,7.586,8.156,8.941,9.834,10.655
74,7.602,8.174,8.96,9.855,10.678
74.1,7.619,8.191,8.979,9.876,10.7
74.2,7.635,8.209,8.998,9.897,10.723
74.3,7.651,8.226,9.017,9.917,10.745
74.4,7.668,8.244,9.036,9.938,10.767
74.5,7.684,8.261,9.055,9.959,10.79
74.6,7.7,8.278,9.074,9.979,10.812
74.7,7.716,8.296,9.093,10,10.834
74.8,7.732,8.313,9.112,10.02,10.856
74.9,7.748,8.33,9.13,10.041,10.878
75,7.764,8.347,9.149,10.061,10.9
75.1,7.78,8.364,9.168,10.082,10.922
75.2,7.796,8.381,9.186,10.102,10.944
75.3,7.812,8.399,9.205,10.122,10.966
75.4,7.828,8.416,9.223,10.142,10.987
75.5,7.844,8.433,9.242,10.163,11.009
75.6,7.86,8.449,9.26,10.183,11.031
75.7,7.876,8.466,9.279,10.203,11.052
75.8,7.891,8.483,9.297,10.223,11.074
75.9,7.907,8.5,9.315,10.243,11.096
76,7.923,8.517,9.334,10.263,11.117
76.1,7.939,8.534,9.352,10.283,11.139
76.2,7.954,8.551,9.37,10.303,11.16
76.3,7.97,8.567,9.389,10.323,11.182
76.4,7.986,8.584,9.407,10.343,11.203
76.5,8.002,8.601,9.425,10.363,11.224
76.6,8.017,8.618,9.444,10.383,11.246
76.7,8.033,8.635,9.462,10.403,11.268
76.8,8.049,8.651,9.48,10.423,11.289
76.9,8.064,8.668,9.498,10.443,11.31
77,8.08,8.685,9.517,10.463,11.332
77.1,8.096,8.702,9.535,10.483,11.353
77.2,8.112,8.719,9.553,10.503,11.375
77.3,8.127,8.736,9.572,10.523,11.397
77.4,8.143,8.753,9.59,10.543,11.418
77.5,8.159,8.77,9.609,10.563,11.44
77.6,8.175,8.787,9.627,10.583,11.462
77.7,8.191,8.804,9.646,10.603,11.483
77.8,8.207,8.821,9.664,10.624,11.505
77.9,8.223,8.838,9.683,10.644,11.527
78,8.239,8.855,9.702,10.664,11.549
78.1,8.255,8.872,9.72,10.685,11.571
78.2,8.271,8.889,9.739,10.705,11.593
78.3,8.288,8.907,9.758,10.726,11.615
78.4,8.304,8.924,9.777,10.746,11.637
78.5,8.32,8.942,9.796,10.767,11.66
78.6,8.336,8.959,9.815,10.788,11.682
78.7,8.353,8.977,9.834,10.809,11.704
78.8,8.369,8.994,9.853,10.83,11.727
78.9,8.386,9.012,9.872,10.85,11.749
79,8.402,9.03,9.892,10.872,11.772
79.1,8.419,9.047,9.911,10.893,11.795
79.2,8.436,9.065,9.93,10.914,11.818
79.3,8.453,9.083,9.95,10.935,11.841
79.4,8.469,9.101,9.97,10.957,11.864
79.5,8.486,9.119,9.989,10.978,11.887
79.6,8.503,9.137,10.009,11,11.91
79.7,8.52,9.156,10.029,11.021,11.933
79.8,8.538,9.174,10.049,11.043,11.957
79.9,8.555,9.193,10.069,11.065,11.981
80,8.572,9.211,10.089,11.087,12.004
80.1,8.589,9.23,10.109,11.109,12.028
80.2,8.607,9.249,10.13,11.132,12.052
80.3,8.625,9.267,10.15,11.154,12.076
80.4,8.642,9.286,10.171,11.177,12.1
80.5,8.66,9.305,10.192,11.199,12.125
80.6,8.678,9.324,10.212,11.222,12.149
80.7,8.696,9.343,10.233,11.245,12.174
80.8,8.714,9.363,10.254,11.267,12.198
80.9,8.732,9.382,10.275,11.291,12.223
81,8.75,9.402,10.297,11.314,12.248
81.1,8.768,9.421,10.318,11.337,12.273
81.2,8.787,9.441,10.339,11.361,12.298
81.3,8.805,9.461,10.361,11.384,12.324
81.4,8.824,9.48,10.382,11.408,12.349
81.5,8.842,9.5,10.404,11.431,12.375
81.6,8.861,9.52,10.426,11.455,12.4
81.7,8.88,9.54,10.448,11.479,12.426
81.8,8.899,9.56,10.47,11.503,12.452
81.9,8.918,9.581,10.492,11.527,12.478
82,8.937,9.601,10.514,11.551,12.504
82.1,8.956,9.622,10.536,11.576,12.531
82.2,8.975,9.642,10.559,11.6,12.557
82.3,8.994,9.663,10.581,11.625,12.583
82.4,9.013,9.683,10.604,11.65,12.61
82.5,9.033,9.704,10.626,11.674,12.637
82.6,9.052,9.725,10.649,11.699,12.664
82.7,9.072,9.746,10.672,11.724,12.691
82.8,9.091,9.767,10.695,11.749,12.718
82.9,9.111,9.788,10.718,11.774,12.745
83,9.131,9.809,10.741,11.8,12.772
83.1,9.151,9.83,10.764,11.825,12.799
83.2,9.171,9.852,10.787,11.851,12.827
83.3,9.191,9.873,10.811,11.876,12.854
83.4,9.211,9.895,10.834,11.902,12.882
83.5,9.231,9.916,10.858,11.928,12.91
83.6,9.251,9.938,10.881,11.953,12.938
83.7,9.271,9.96,10.905,11.98,12.966
83.8,9.292,9.981,10.929,12.006,12.994
83.9,9.312,10.003,10.953,12.032,13.022
84,9.332,10.025,10.977,12.058,13.051
84.1,9.353,10.047,11.001,12.084,13.079
84.2,9.373,10.069,11.025,12.111,13.108
84.3,9.394,10.091,11.049,12.137,13.136
84.4,9.415,10.113,11.073,12.164,13.165
84.5,9.435,10.136,11.097,12.19,13.193
84.6,9.456,10.158,11.122,12.217,13.222
84.7,9.477,10.18,11.146,12.244,13.251
84.8,9.498,10.203,11.171,12.27,13.28
84.9,9.519,10.225,11.195,12.297,13.309
85,9.54,10.248,11.22,12.324,13.338
85.1,9.561,10.27,11.244,12.351,13.368
85.2,9.582,10.293,11.269,12.378,13.397
85.3,9.603,10.315,11.294,12.406,13.426
85.4,9.624,10.338,11.319,12.433,13.456
85.5,9.645,10.361,11.344,12.46,13.485
85.6,9.667,10.384,11.368,12.487,13.514
85.7,9.688,10.406,11.393,12.515,13.544
85.8,9.709,10.429,11.418,12.542,13.574
85.9,9.73,10.452,11.443,12.57,13.604
86,9.752,10.475,11.468,12.597,13.633
86.1,9.773,10.498,11.494,12.625,13.663
86.2,9.794,10.521,11.519,12.652,13.693
86.3,9.816,10.544,11.544,12.68,13.723
86.4,9.837,10.567,11.569,12.707,13.753
86.5,9.859,10.59,11.594,12.735,13.782
86.6,9.88,10.613,11.619,12.763,13.812
86.7,9.901,10.636,11.644,12.79,13.842
86.8,9.923,10.659,11.67,12.818,13.872
86.9,9.944,10.682,11.695,12.846,13.902
87,10.116,10.866,11.897,13.067,14.142
87.1,10.137,10.889,11.922,13.095,14.172
87.2,10.158,10.912,11.947,13.123,14.202
87.3,10.18,10.935,11.972,13.15,14.232
87.4,10.201,10.958,11.997,13.178,14.262
87.5,10.222,10.981,12.022,13.206,14.292
87.6,10.244,11.004,12.047,13.233,14.322
87.7,10.265,11.026,12.073,13.261,14.352
87.8,10.286,11.049,12.098,13.288,14.382
87.9,10.308,11.072,12.123,13.316,14.412
88,10.329,11.095,12.148,13.344,14.442
88.1,10.35,11.118,12.173,13.371,14.472
88.2,10.371,11.141,12.198,13.399,14.502
88.3,10.392,11.164,12.223,13.426,14.531
88.4,10.413,11.186,12.248,13.454,14.561
88.5,10.435,11.209,12.273,13.481,14.591
88.6,10.456,11.232,12.298,13.509,14.621
88.7,10.477,11.255,12.323,13.536,14.651
88.8,10.498,11.277,12.348,13.564,14.681
88.9,10.519,11.3,12.373,13.591,14.71
89,10.54,11.323,12.398,13.619,14.74
89.1,10.561,11.345,12.423,13.646,14.77
89.2,10.582,11.368,12.447,13.674,14.8
89.3,10.603,11.391,12.472,13.701,14.83
89.4,10.624,11.413,12.497,13.728,14.859
89.5,10.645,11.436,12.522,13.756,14.889
89.6,10.666,11.459,12.547,13.783,14.919
89.7,10.687,11.481,12.572,13.811,14.949
89.8,10.708,11.504,12.597,13.838,14.978
89.9,10.729,11.526,12.621,13.866,15.008
90,10.75,11.549,12.646,13.893,15.038
90.1,10.771,11.571,12.671,13.92,15.068
90.2,10.792,11.594,12.696,13.948,15.097
90.3,10.813,11.617,12.721,13.975,15.127
90.4,10.834,11.639,12.745,14.002,15.157
90.5,10.855,11.662,12.77,14.03,15.186
90.6,10.876,11.684,12.795,14.057,15.216
90.7,10.896,11.707,12.82,14.084,15.246
90.8,10.917,11.729,12.844,14.112,15.276
90.9,10.938,11.752,12.869,14.139,15.306
91,10.959,11.774,12.894,14.167,15.335
91.1,10.98,11.797,12.919,14.194,15.365
91.2,11.001,11.819,12.943,14.221,15.395
91.3,11.021,11.842,12.968,14.249,15.424
91.4,11.042,11.864,12.993,14.276,15.454
91.5,11.063,11.887,13.018,14.303,15.484
91.6,11.084,11.909,13.042,14.331,15.514
91.7,11.105,11.932,13.067,14.358,15.544
91.8,11.126,11.954,13.092,14.385,15.573
91.9,11.146,11.976,13.117,14.413,15.603
92,11.167,11.999,13.142,14.44,15.633
92.1,11.188,12.021,13.166,14.468,15.663
92.2,11.209,12.044,13.191,14.495,15.693
92.3,11.23,12.066,13.216,14.522,15.723
92.4,11.25,12.089,13.241,14.55,15.753
92.5,11.271,12.111,13.265,14.577,15.783
92.6,11.292,12.134,13.29,14.605,15.812
92.7,11.313,12.156,13.315,14.632,15.843
92.8,11.334,12.179,13.34,14.66,15.872
92.9,11.355,12.201,13.365,14.687,15.902
93,11.375,12.224,13.39,14.715,15.933
93.1,11.396,12.246,13.415,14.742,15.963
93.2,11.417,12.269,13.439,14.77,15.993
93.3,11.438,12.292,13.464,14.798,16.023
93.4,11.459,12.314,13.489,14.825,16.053
93.5,11.48,12.337,13.514,14.853,16.083
93.6,11.501,12.359,13.539,14.881,16.113
93.7,11.522,12.382,13.564,14.908,16.143
93.8,11.543,12.405,13.589,14.936,16.174
93.9,11.564,12.427,13.614,14.964,16.204
94,11.585,12.45,13.639,14.992,16.235
94.1,11.606,12.473,13.664,15.02,16.265
94.2,11.627,12.495,13.69,15.047,16.295
94.3,11.648,12.518,13.715,15.075,16.326
94.4,11.669,12.541,13.74,15.103,16.356
94.5,11.69,12.564,13.765,15.131,16.387
94.6,11.711,12.587,13.79,15.159,16.417
94.7,11.732,12.609,13.816,15.187,16.448
94.8,11.753,12.632,13.841,15.215,16.479
94.9,11.774,12.655,13.866,15.244,16.51
95,11.795,12.678,13.891,15.272,16.54
95.1,11.816,12.701,13.917,15.3,16.571
95.2,11.838,12.724,13.942,15.328,16.602
95.3,11.859,12.747,13.968,15.356,16.633
95.4,11.88,12.77,13.993,15.385,16.664
95.5,11.901,12.793,14.019,15.413,16.694
95.6,11.923,12.816,14.044,15.441,16.725
95.7,11.944,12.839,14.07,15.47,16.757
95.8,11.965,12.862,14.095,15.498,16.788
95.9,11.987,12.885,14.121,15.527,16.819
96,12.008,12.908,14.147,15.555,16.85
96.1,12.029,12.932,14.172,15.584,16.882
96.2,12.051,12.955,14.198,15.613,16.913
96.3,12.072,12.978,14.224,15.641,16.944
96.4,12.094,13.002,14.25,15.67,16.976
96.5,12.115,13.025,14.276,15.699,17.007
96.6,12.137,13.048,14.302,15.728,17.039
96.7,12.159,13.072,14.328,15.757,17.071
96.8,12.18,13.095,14.354,15.786,17.102
96.9,12.202,13.119,14.38,15.815,17.134
97,12.224,13.142,14.406,15.844,17.166
97.1,12.245,13.166,14.432,15.873,17.198
97.2,12.267,13.19,14.458,15.902,17.23
97.3,12.289,13.214,14.485,15.932,17.262
97.4,12.311,13.237,14.511,15.961,17.295
97.5,12.333,13.261,14.538,15.991,17.327
97.6,12.355,13.285,14.564,16.02,17.36
97.7,12.377,13.309,14.591,16.05,17.392
97.8,12.399,13.333,14.617,16.08,17.425
97.9,12.421,13.357,14.644,16.109,17.457
98,12.444,13.381,14.671,16.139,17.49
98.1,12.466,13.405,14.698,16.169,17.523
98.2,12.488,13.43,14.725,16.199,17.556
98.3,12.511,13.454,14.752,16.23,17.589
98.4,12.533,13.478,14.779,16.26,17.622
98.5,12.556,13.503,14.806,16.29,17.655
98.6,12.578,13.527,14.833,16.321,17.689
98.7,12.601,13.552,14.861,16.351,17.722
98.8,12.623,13.577,14.888,16.382,17.756
98.9,12.646,13.601,14.916,16.412,17.79
99,12.669,13.626,14.943,16.443,17.824
99.1,12.692,13.651,14.971,16.474,17.857
99.2,12.715,13.676,14.999,16.505,17.892
99.3,12.738,13.701,15.027,16.536,17.926
99.4,12.761,13.726,15.055,16.568,17.96
99.5,12.784,13.752,15.083,16.599,17.995
99.6,12.808,13.777,15.111,16.63,18.029
99.7,12.831,13.802,15.139,16.662,18.064
99.8,12.854,13.828,15.168,16.694,18.099
99.9,12.878,13.853,15.196,16.725,18.133
100,12.902,13.879,15.225,16.758,18.169
100.1,12.925,13.905,15.253,16.79,18.204
100.2,12.949,13.931,15.282,16.821,18.239
100.3,12.973,13.957,15.311,16.854,18.274
100.4,12.997,13.982,15.34,16.886,18.31
100.5,13.021,14.008,15.369,16.919,18.346
100.6,13.045,14.035,15.398,16.951,18.382
100.7,13.069,14.061,15.427,16.984,18.417
100.8,13.093,14.087,15.456,17.017,18.453
100.9,13.117,14.114,15.486,17.05,18.49
101,13.142,14.14,15.515,17.083,18.526
101.1,13.166,14.167,15.545,17.116,18.563
101.2,13.19,14.193,15.575,17.149,18.599
101.3,13.215,14.22,15.605,17.183,18.636
101.4,13.24,14.247,15.635,17.216,18.673
101.5,13.264,14.274,15.665,17.25,18.71
101.6,13.289,14.301,15.695,17.283,18.747
101.7,13.314,14.328,15.725,17.317,18.784
101.8,13.339,14.356,15.755,17.351,18.821
101.9,13.364,14.383,15.786,17.385,18.859
102,13.389,14.41,15.816,17.42,18.897
102.1,13.415,14.438,15.847,17.454,18.935
102.2,13.44,14.465,15.878,17.489,18.973
102.3,13.465,14.493,15.909,17.523,19.011
102.4,13.491,14.521,15.94,17.558,19.049
102.5,13.516,14.549,15.971,17.593,19.087
102.6,13.542,14.577,16.002,17.627,19.125
102.7,13.568,14.605,16.033,17.663,19.164
102.8,13.594,14.633,16.064,17.698,19.203
102.9,13.62,14.661,16.096,17.733,19.241
103,13.645,14.689,16.128,17.768,19.281
103.1,13.671,14.718,16.159,17.804,19.32
103.2,13.698,14.746,16.191,17.839,19.359
103.3,13.724,14.775,16.223,17.875,19.398
103.4,13.75,14.803,16.255,17.911,19.438
103.5,13.776,14.832,16.287,17.947,19.478
103.6,13.803,14.861,16.319,17.983,19.517
103.7,13.829,14.89,16.351,18.019,19.557
103.8,13.856,14.919,16.384,18.056,19.597
103.9,13.882,14.948,16.416,18.092,19.637
104,13.909,14.977,16.449,18.129,19.677
104.1,13.936,15.006,16.481,18.165,19.718
104.2,13.963,15.035,16.514,18.202,19.758
104.3,13.99,15.065,16.547,18.239,19.799
104.4,14.017,15.094,16.58,18.276,19.84
104.5,14.044,15.124,16.613,18.313,19.881
104.6,14.071,15.154,16.646,18.35,19.922
104.7,14.098,15.183,16.68,18.388,19.963
104.8,14.126,15.213,16.713,18.425,20.004
104.9,14.153,15.243,16.746,18.463,20.046
105,14.181,15.273,16.78,18.5,20.087
105.1,14.208,15.303,16.814,18.538,20.129
105.2,14.236,15.334,16.848,18.576,20.171
105.3,14.264,15.364,16.881,18.614,20.213
105.4,14.292,15.394,16.915,18.652,20.255
105.5,14.32,15.425,16.95,18.691,20.298
105.6,14.348,15.456,16.984,18.729,20.34
105.7,14.376,15.486,17.018,18.768,20.383
105.8,14.404,15.517,17.053,18.807,20.425
105.9,14.432,15.548,17.087,18.846,20.468
106,14.461,15.579,17.122,18.884,20.511
106.1,14.489,15.61,17.157,18.924,20.555
106.2,14.518,15.641,17.192,18.963,20.598
106.3,14.547,15.673,17.227,19.002,20.642
106.4,14.575,15.704,17.262,19.042,20.685
106.5,14.604,15.736,17.297,19.082,20.729
106.6,14.633,15.767,17.333,19.121,20.773
106.7,14.662,15.799,17.368,19.162,20.817
106.8,14.692,15.831,17.404,19.201,20.861
106.9,14.721,15.863,17.44,19.242,20.906
107,14.75,15.895,17.476,19.282,20.95
107.1,14.779,15.927,17.512,19.322,20.995
107.2,14.809,15.959,17.548,19.363,21.04
107.3,14.839,15.992,17.584,19.404,21.085
107.4,14.868,16.024,17.62,19.445,21.13
107.5,14.898,16.057,17.657,19.486,21.175
107.6,14.928,16.089,17.693,19.527,21.221
107.7,14.958,16.122,17.73,19.568,21.266
107.8,14.988,16.155,17.767,19.61,21.312
107.9,15.018,16.188,17.804,19.651,21.358
108,15.048,16.221,17.841,19.693,21.404
108.1,15.079,16.254,17.878,19.735,21.45
108.2,15.109,16.288,17.915,19.777,21.497
108.3,15.14,16.321,17.953,19.819,21.543
108.4,15.17,16.354,17.99,19.861,21.59
108.5,15.201,16.388,18.028,19.903,21.637
108.6,15.232,16.422,18.065,19.946,21.684
108.7,15.263,16.456,18.103,19.988,21.731
108.8,15.294,16.489,18.141,20.031,21.778
108.9,15.325,16.523,18.179,20.074,21.825
109,15.356,16.557,18.217,20.117,21.873
109.1,15.387,16.591,18.256,20.16,21.92
109.2,15.418,16.626,18.294,20.203,21.968
109.3,15.45,16.66,18.332,20.246,22.016
109.4,15.481,16.694,18.371,20.29,22.064
109.5,15.513,16.729,18.41,20.333,22.112
109.6,15.544,16.763,18.448,20.377,22.16
109.7,15.576,16.798,18.487,20.421,22.209
109.8,15.608,16.833,18.526,20.465,22.258
109.9,15.64,16.868,18.565,20.508,22.306
110,15.671,16.903,18.604,20.553,22.355
110.1,15.703,16.938,18.644,20.597,22.404
110.2,15.735,16.973,18.683,20.641,22.453
110.3,15.767,17.008,18.722,20.686,22.502
110.4,15.8,17.043,18.762,20.73,22.551
110.5,15.832,17.078,18.802,20.775,22.601
110.6,15.864,17.114,18.841,20.82,22.65
110.7,15.897,17.149,18.881,20.864,22.7
110.8,15.929,17.185,18.921,20.909,22.749
110.9,15.962,17.22,18.961,20.954,22.799
111,15.994,17.256,19.001,20.999,22.849
111.1,16.027,17.292,19.041,21.045,22.899
111.2,16.06,17.328,19.081,21.09,22.949
111.3,16.093,17.364,19.122,21.136,23
111.4,16.125,17.4,19.162,21.181,23.05
111.5,16.158,17.436,19.202,21.227,23.101
111.6,16.191,17.472,19.243,21.273,23.151
111.7,16.224,17.508,19.284,21.318,23.202
111.8,16.258,17.544,19.324,21.364,23.253
111.9,16.291,17.581,19.365,21.41,23.304
112,16.324,17.617,19.406,21.456,23.355
112.1,16.357,17.654,19.447,21.503,23.406
112.2,16.391,17.69,19.488,21.549,23.457
112.3,16.424,17.727,19.529,21.595,23.509
112.4,16.458,17.763,19.57,21.642,23.56
112.5,16.491,17.8,19.612,21.688,23.612
112.6,16.525,17.837,19.653,21.735,23.664
112.7,16.559,17.874,19.694,21.782,23.715
112.8,16.592,17.911,19.736,21.828,23.767
112.9,16.626,17.948,19.777,21.875,23.819
113,16.66,17.985,19.819,21.922,23.871
113.1,16.694,18.022,19.861,21.969,23.923
113.2,16.728,18.059,19.902,22.016,23.975
113.3,16.762,18.096,19.944,22.064,24.027
113.4,16.796,18.134,19.986,22.111,24.08
113.5,16.83,18.171,20.028,22.158,24.132
113.6,16.864,18.208,20.07,22.206,24.185
113.7,16.898,18.246,20.112,22.253,24.237
113.8,16.932,18.283,20.154,22.301,24.29
113.9,16.966,18.321,20.196,22.348,24.343
114,17.001,18.358,20.239,22.396,24.396
114.1,17.035,18.396,20.281,22.444,24.449
114.2,17.069,18.433,20.323,22.491,24.502
114.3,17.104,18.471,20.365,22.539,24.555
114.4,17.138,18.509,20.408,22.587,24.608
114.5,17.172,18.547,20.45,22.635,24.661
114.6,17.207,18.584,20.493,22.683,24.714
114.7,17.241,18.622,20.535,22.731,24.767
114.8,17.276,18.66,20.578,22.779,24.821
114.9,17.31,18.698,20.62,22.827,24.874
115,17.345,18.736,20.663,22.875,24.928
115.1,17.38,18.774,20.706,22.924,24.981
115.2,17.414,18.812,20.748,22.972,25.035
115.3,17.449,18.85,20.791,23.02,25.088
115.4,17.483,18.888,20.834,23.069,25.142
115.5,17.518,18.926,20.877,23.117,25.196
115.6,17.553,18.964,20.919,23.165,25.249
115.7,17.588,19.002,20.962,23.214,25.303
115.8,17.622,19.04,21.005,23.262,25.357
115.9,17.657,19.078,21.048,23.311,25.411
116,17.692,19.116,21.091,23.359,25.464
116.1,17.727,19.154,21.134,23.408,25.518
116.2,17.761,19.193,21.177,23.457,25.572
116.3,17.796,19.231,21.22,23.505,25.626
116.4,17.831,19.269,21.263,23.554,25.68
116.5,17.866,19.307,21.306,23.603,25.734
116.6,17.9,19.345,21.349,23.651,25.789
116.7,17.935,19.383,21.392,23.7,25.843
116.8,17.97,19.422,21.435,23.749,25.897
116.9,18.005,19.46,21.478,23.798,25.951
117,18.04,19.498,21.521,23.847,26.006
117.1,18.075,19.537,21.564,23.895,26.06
117.2,18.109,19.575,21.608,23.944,26.114
117.3,18.144,19.613,21.651,23.993,26.168
117.4,18.179,19.651,21.694,24.042,26.223
117.5,18.214,19.69,21.737,24.091,26.277
117.6,18.249,19.728,21.78,24.14,26.331
117.7,18.284,19.766,21.823,24.189,26.386
117.8,18.319,19.805,21.867,24.237,26.44
117.9,18.354,19.843,21.91,24.286,26.494
118,18.389,19.881,21.953,24.335,26.549
118.1,18.424,19.92,21.996,24.384,26.603
118.2,18.458,19.958,22.039,24.433,26.657
118.3,18.493,19.996,22.083,24.482,26.712
118.4,18.528,20.035,22.126,24.531,26.766
118.5,18.563,20.073,22.169,24.58,26.821
118.6,18.598,20.111,22.212,24.629,26.875
118.7,18.633,20.15,22.255,24.678,26.93
118.8,18.667,20.188,22.299,24.727,26.985
118.9,18.702,20.226,22.342,24.776,27.039
119,18.737,20.265,22.385,24.825,27.094
119.1,18.772,20.303,22.428,24.874,27.148
119.2,18.807,20.341,22.472,24.923,27.203
119.3,18.842,20.38,22.515,24.972,27.257
119.4,18.877,20.418,22.558,25.021,27.312
119.5,18.911,20.456,22.601,25.07,27.366
119.6,18.946,20.494,22.644,25.119,27.421
119.7,18.981,20.533,22.688,25.169,27.476
119.8,19.016,20.571,22.731,25.218,27.53
119.9,19.051,20.609,22.774,25.267,27.585
120,19.086,20.648,22.817,25.316,27.639
